Date,MMCT_Delay,weather_code_MMCT,Temperature_MMCT,Wind_Speed_MMCT,Distance_travelled_MMCT,BVI_Delay,weather_code_BVI,Temperature_BVI,Wind_Speed_BVI,Distance_travelled_BVI,BL_Delay,weather_code_BL,Temperature_BL,Wind_Speed_BL,Distance_travelled_BL,ST_Delay,weather_code_ST,Temperature_ST,Wind_Speed_ST,Distance_travelled_ST,BH_Delay,weather_code_BH,Temperature_BH,Wind_Speed_BH,Distance_travelled_BH,BRC_Delay,weather_code_BRC,Temperature_BRC,Wind_Speed_BRC,Distance_travelled_BRC,KOTA_Delay,weather_code_KOTA,Temperature_KOTA,Wind_Speed_KOTA,Distance_travelled_KOTA,SWM_Delay,weather_code_SWM,Temperature_SWM,Wind_Speed_SWM,Distance_travelled_SWM,MTJ_Delay,weather_code_MTJ,Temperature_MTJ,Wind_Speed_MTJ,Distance_travelled_MTJ,NZM_Delay,weather_code_NZM,Temperature_NZM,Wind_Speed_NZM,Distance_travelled_NZM
05/11/23,1,3,28.974833,21.96295,,10,3,28.904335,14.869351,,14,3,28.56275,19.083395,,6,3,28.512497,14.480773,,12,3,27.242498,16.808569,,19,0,26.687248,13.392774,,7,2,24.652666,11.090103,,9,1,25.206335,10.538843,,0,2,22.903414,12.313894,,11,0,22.578833,10.966713,
06/11/23,2,3,28.312332,25.212852,,25,3,28.439749,18.35647,,25,3,28.175255,19.734436,,20,3,28.658333,15.30741,,24,3,27.673754,14.578888,,29,2,26.966415,15.124284,,6,3,25.200583,8.350138,,8,3,25.26467,9.19939,,5,0,22.663834,8.825508,,1,2,21.960085,11.480557,
07/11/23,2,3,28.387335,30.684587,,12,3,28.106417,18.837324,,12,3,28.196083,20.111729,,23,3,27.9125,14.618837,,32,3,27.048754,15.379206,,38,1,26.516417,10.483357,,17,3,25.475586,10.105681,,17,1,25.5355,10.495713,,3,0,23.188833,9.387651,,13,1,22.428835,11.525623,
08/11/23,0,3,27.808167,35.369884,,11,3,28.023085,18.775301,,10,3,27.337751,16.23596,,12,3,28.131248,17.294992,,12,3,27.915419,10.182337,,4,0,26.6185,10.086427,,0,1,24.863085,10.041354,,4,3,25.352167,12.7279215,,6,2,22.486748,14.587776,,16,1,22.389252,10.495713,
09/11/23,1,53,28.10192,18.792551,,7,53,28.089752,18.161278,,3,2,28.423166,14.685176,,10,1,28.516663,12.10157,,12,0,28.407084,10.105681,,8,0,27.189337,11.435313,,1,3,25.4485,9.1641035,,0,3,25.787582,9,,8,51,23.22425,13.679999,,0,2,22.685087,10.464797,
10/11/23,2,3,27.897745,24.75638,,11,61,27.945997,15.192682,,19,3,29.014833,8.435069,,13,3,29.241669,8.707238,,13,0,28.588339,9.83268,,15,0,27.6435,9.565437,,6,3,25.192247,15.905319,,5,3,24.695917,14.77755,,9,63,21.390917,16.65754,,6,61,19.866335,17.654686,
11/11/23,0,3,28.799833,25.277023,,7,3,29.539747,19.09358,,12,3,30.048166,16.946787,,7,3,29.46875,17.447933,,7,2,28.18833,17.208603,,6,0,26.318504,13.627795,,1,0,21.748499,12.522619,,0,0,21.693832,9.904906,,7,0,20.226332,9.983106,,0,0,19.251753,12.10157,
12/11/23,0,3,29.08525,26.758923,,5,3,29.339752,18.014393,,2,3,28.841919,16.135872,,6,3,28.485418,13.708391,,5,3,27.00917,12.096214,,8,3,24.939333,12.819235,,1,3,21.946419,9.449572,,2,3,21.281334,9.19939,,0,1,19.12008,10.028439,,-3,0,18.866335,11.183201,
13/11/23,0,3,28.697754,23.584808,,6,3,27.989748,16.179985,,1,3,27.539835,17.068707,,0,3,27.637499,11.770403,,3,3,26.042501,11.620809,,17,3,24.783087,9.931042,,1,3,21.477663,10.028439,,9,3,21.814667,9.779817,,7,3,20.143002,8.891344,,10,3,19.255919,8.654987,
14/11/23,0,3,28.249832,20.188908,,9,3,27.312674,16.215992,,8,3,27.033583,15.827721,,5,3,27.406248,11.681987,,4,3,26.559166,12.074766,,10,3,25.506002,11.4862,,2,3,21.767248,8.209263,,8,3,21.531334,10.636766,,5,3,19.415918,8.311245,,-3,3,18.710083,8.942214,
15/11/23,1,0,28.279001,24.482647,,10,0,27.010584,17.64,,7,0,27.000252,19.721298,,2,0,27.547915,14.205182,,3,0,26.830002,15.629971,,2,0,25.676836,12.10157,,14,0,21.219334,8.39657,,13,0,20.775084,10.308831,,7,0,18.797165,8.39657,,3,0,18.672585,10.195057,
16/11/23,1,1,27.908165,24.606731,,6,1,27.108498,15.496736,,4,1,26.960663,16.923828,,0,0,27.34583,14.168641,,9,0,26.448753,11.983188,,13,0,25.620584,12.758432,,1,0,20.78808,11.119281,,5,0,20.270916,9.931042,,9,0,19.357582,8.404285,,16,0,20.020498,7.5942082,
17/11/23,2,0,27.895668,28.512817,,6,0,27.025167,17.581125,,7,0,26.98567,18.39878,,7,0,26.981253,12.682018,,11,0,25.707087,11.177405,,9,0,25.49558,14.044615,,1,3,20.838083,9.290511,,7,3,20.391748,10.315115,,1,1,19.084663,8.350138,,-13,1,20.568419,7.208994,
18/11/23,1,2,27.566498,20.945072,,9,2,26.541832,15.84409,,11,0,26.194,14.84318,,7,0,26.7125,11.808878,,14,0,26.394585,11.269782,,15,0,25.456001,11.019764,,7,2,21.225582,7.968939,,12,3,20.5855,8.435069,,33,3,19.028418,9.290511,,21,2,19.94967,9.693296,
19/11/23,0,2,27.66442,25.671307,,5,1,27.385582,15.778518,,3,3,27.033583,14.707222,,0,0,27.335411,16.641972,,4,1,27.28625,9.957108,,21,1,26.960165,12.57426,,11,1,21.819334,10.495713,,9,0,21.579252,9.6932955,,1,0,18.843,10.144082,,2,0,20.387169,10.464797,
20/11/23,0,3,28.272749,21.096123,,19,3,28.293917,15.716793,,19,3,28.237747,17.873556,,8,3,28.508333,12.413476,,16,3,28.382088,11.269782,,37,1,27.237251,11.720751,,63,1,22.60475,10.495713,,81,0,21.86675,10.483357,,105,0,19.493,8.647496,,110,0,18.764254,10.195057,
21/11/23,1,3,28.1165,25.570139,,7,3,28.427246,22.86496,,5,3,27.766912,19.272614,,0,3,28.09375,14.869351,,7,3,27.53,12.620554,,15,3,26.380999,14.205182,,1,0,21.64225,10.308831,,1,1,20.954248,10.44,,3,3,19.45133,13.397612,,2,1,19.153833,16.42247,
22/11/23,0,1,27.649834,28.460497,,8,2,27.668915,21.817902,,8,0,27.152334,18.11841,,0,0,26.893753,15.226764,,2,0,25.95917,12.074766,,5,0,24.635168,11.013882,,2,0,20.81308,9.290511,,5,0,20.614672,9.983106,,21,0,18.353416,9.028754,,18,0,17.880917,13.905509,
23/11/23,1,0,27.495667,26.309572,,10,0,27.079329,19.083395,,7,0,27.160667,21.142147,,6,0,26.835417,11.966953,,7,0,25.7425,11.119281,,10,0,24.264334,11.269782,,1,0,20.8235,9.0645685,,3,0,20.520916,10.1887,,7,0,17.774248,10.495713,,10,0,17.837168,9.693296,
24/11/23,1,0,27.73733,18.888851,,6,1,27.693916,15.778518,,13,3,28.529417,16.575644,,7,1,28.491667,19.416653,,6,2,27.488337,16.919998,,8,1,26.345583,16.923828,,1,0,20.519333,8.654987,,12,0,20.14175,9.957108,,5,2,18.522165,5.991594,,3,3,18.099667,9.0645685,
25/11/23,1,3,27.993584,17.731598,,5,51,28.21058,14.440443,,5,3,28.506502,14.934577,,6,0,28.685417,15.542662,,18,1,28.16125,14.917212,,20,3,27.097666,17.283749,,1,3,20.373499,10.514218,,16,3,20.725084,10.853866,,5,3,18.509665,9.511088,,-8,3,18.943419,7.172949,
26/11/23,1,61,26.770666,23.277834,,8,63,26.366829,14.494192,,12,65,25.61275,17.10284,,7,65,25.200003,21.603,,12,65,24.769579,19.33639,,33,65,23.297668,24.122686,,46,61,20.80475,14.417988,,53,53,21.214666,17.673029,,37,3,19.247168,10.105681,,48,3,19.185085,10.464798,
27/11/23,0,51,26.331085,25.045238,,7,61,25.781416,14.84318,,4,61,23.877335,13.698934,,1,51,23.487501,9.983106,,1,55,23.096666,9.931042,,4,51,22.337252,9.3669195,,19,63,18.91725,12.72283,,26,61,18.32717,13.1041975,,8,63,19.143,17.884428,,8,53,18.564249,23.042812,
28/11/23,1,51,26.197748,25.071098,,8,1,25.400167,18.947083,,6,1,23.194002,12.599998,,0,0,22.6,12.245293,,4,1,22.407084,10.144082,,7,51,21.883081,11.212135,,9,51,18.586,7.69592,,17,51,18.420916,12.24,,14,63,17.907581,11.808878,,11,61,17.178833,9.19939,
29/11/23,0,3,25.381083,24.962307,,6,3,24.25225,15.509274,,11,51,23.354416,13.627795,,4,51,23.210417,11.119281,,6,51,22.925833,9.659814,,16,51,22.447664,9.779817,,34,2,19.615166,8.435069,,37,51,19.531332,9.659814,,42,51,18.774248,8.217153,,29,51,18.787169,8.669949,
30/11/23,2,2,25.84775,25.7041,,7,3,24.896002,18.328207,,4,51,23.966917,12.768586,,13,51,23.918749,8.891343,,11,51,23.613333,8.905908,,9,51,23.201834,10.041354,,0,51,20.267248,8.217153,,11,51,20.060501,12.10157,,8,61,19.053415,11.592894,,46,51,17.612165,13.363711,
01/12/23,1,1,25.676918,20.991426,,15,3,24.70225,16.071491,,9,51,24.179413,13.708391,,9,51,24.545832,12.819235,,7,51,24.302916,12.599998,,4,51,24.145584,18.581022,,1,51,20.108913,14.021525,,1,51,19.352167,14.84318,,8,51,18.615915,8.669949,,20,53,18.599669,7.7043357,
02/12/23,2,3,26.481081,20.88,,4,3,26.316835,14.869351,,6,53,25.212751,14.565548,,4,55,24.658333,15.596767,,5,61,24.011251,15.696165,,7,63,23.903917,17.0763,,0,51,20.675583,15.509274,,6,51,20.22925,13.527572,,12,0,18.686747,9.107359,,5,0,18.074667,8.707238,
03/12/23,0,3,27.633165,25.849905,,0,3,27.27725,16.434305,,0,51,25.960665,15.978486,,6,51,24.758333,18,,13,53,23.532082,17.595861,,20,51,22.58725,17.106628,,1,63,18.740166,13.039754,,5,61,18.566748,17.309975,,6,61,19.276333,12.261158,,0,53,18.51425,8.587338,
04/12/23,1,3,27.339415,29.354902,,7,51,27.700165,19.35314,,5,3,25.81275,16.946787,,4,51,25.02917,18.161278,,4,51,24.494583,17.533146,,5,51,23.299746,16.1198,,0,3,18.250584,12.287555,,3,51,17.795916,13.18308,,1,2,17.784664,8.557102,,10,1,17.299667,11.874544,
05/12/23,0,3,27.129,31.259941,,0,51,27.354332,21.028437,,3,51,25.471079,15.941944,,1,3,24.40625,16.45007,,4,3,23.88,16.45007,,8,3,22.701836,15.408671,,1,3,18.160997,14.113652,,5,2,17.662584,12.984975,,6,0,16.990915,10.966713,,-1,0,16.887169,12.43434,
06/12/23,1,3,26.514418,31.104082,,7,3,26.437666,18.998316,,5,3,25.077332,14.934577,,7,2,24.087502,16.575644,,12,1,23.715416,14.113652,,18,1,23.051834,14.113653,,1,3,18.306833,11.090103,,4,0,17.629248,12.031756,,12,3,17.032583,9.255571,,12,0,16.628834,12.181624,
07/12/23,1,1,26.151915,29.775719,,11,0,25.875162,19.296133,,3,1,24.516916,15.683776,,2,51,23.812498,14.05845,,6,0,23.421669,14.003028,,0,51,22.4685,13.324863,,2,3,18.623499,10.028439,,12,3,18.945917,11.753876,,6,3,18.018002,8.669949,,0,0,17.110083,10.028439,
08/12/23,173,2,26.379,26.886963,,190,0,26.016832,16.79314,,206,1,24.575254,15.281989,,199,1,24.199999,12.758432,,198,0,23.60292,12.245294,,188,1,22.456,11.384198,,201,51,19.063082,8.707237,,212,2,18.95425,8.311245,,219,0,17.236748,9.449572,,206,0,16.526749,13.281023,
09/12/23,0,3,26.36025,27.959742,,7,2,26.11683,20.380579,,0,0,24.756498,14.20062,,4,0,24.297913,14.081478,,10,0,23.621668,12.181625,,5,0,22.270584,10.30883,,2,0,18.592249,9.83268,,5,1,18.5105,9.779817,,40,0,16.58883,11.525623,,23,0,16.17675,13.392774,
10/12/23,0,3,26.901917,26.072052,,11,2,26.500168,16.92383,,9,0,24.554419,11.525623,,13,0,23.995836,10.00256,,16,0,23.850832,11.177405,,14,0,22.120583,8.759178,,1,1,17.32975,10.446206,,0,3,17.831335,10.041354,,28,3,15.345084,13.584932,,12,3,15.382998,18.218275,
11/12/23,2,3,26.628998,26.111792,,8,3,25.898085,20.12461,,22,3,23.704414,14.57889,,17,3,23.327087,9.826088,,19,3,23.03833,9.028754,,19,3,21.614334,8.759178,,1,0,17.35475,9.511088,,3,0,17.408415,7.653705,,14,0,15.442998,8.891343,,16,0,14.949665,10.990322,
12/12/23,3,3,26.187332,28.948118,,14,3,24.981422,20.808498,,15,3,22.806501,12.979984,,12,3,22.637497,11.019764,,19,3,22.615417,9.346143,,18,3,21.435165,8.4963045,,4,3,17.375582,8.942214,,2,3,17.331331,9.346143,,5,0,16.530502,7.653705,,72,0,15.4955015,10.703569,
13/12/23,1,3,26.254,27.21038,,6,3,24.983503,16.434305,,5,3,24.521082,15.072783,,4,3,24.391665,13.5515,,14,3,23.738335,12.979984,,22,3,22.622667,13.1041975,,1,3,17.246416,10.365251,,7,3,18.164665,8.14587,,12,3,16.124252,8.14587,,15,3,15.266335,10.514218,
14/12/23,0,2,26.672747,20.929596,,5,1,26.12725,12.6462,,9,3,25.502337,12.88981,,13,3,25.522913,12.605142,,17,3,24.946669,10.630672,,17,3,23.262247,11.753876,,0,3,16.810999,10.144082,,10,3,17.056334,8.4963045,,5,2,15.193,10.105681,,6,3,14.626751,16.167967,
15/12/23,1,0,26.8665,22.065973,,6,0,25.693916,15.273505,,6,3,25.7565,14.8257065,,5,3,25.008331,18.359999,,6,3,24.767502,11.720751,,5,3,23.50808,11.212135,,0,0,17.446417,9.504272,,4,0,17.11883,8.905908,,25,2,15.27425,8.759178,,67,3,14.06425,9.983106,
16/12/23,1,1,25.904001,30.068083,,5,0,25.164747,21.638964,,5,0,24.291916,15.725037,,15,3,24.345833,17.727943,,21,3,23.875834,12.4811535,,19,3,22.781,10.8955765,,2,0,17.700584,9.826088,,7,0,17.433416,9.178235,,9,0,15.26175,9.114471,,13,3,14.553833,12.287555,
17/12/23,0,1,25.943586,30.430117,,21,1,26.083502,18.59845,,16,3,24.50025,16.279802,,11,3,23.604166,15.542662,,13,3,23.198751,16.595179,,25,3,22.08933,14.512064,,10,3,17.050583,9.885262,,11,3,17.245916,9.227524,,6,1,15.361752,10.661107,,0,0,15.216334,13.18308,
18/12/23,0,3,27.004,20.380579,,7,3,27.479334,17.651016,,84,3,24.721085,19.694992,,98,3,23.735418,22.539564,,115,3,22.840416,17.581125,,114,3,21.535166,17.076298,,94,3,15.921417,10.495713,,99,3,15.727165,9.957108,,94,1,14.461751,16.055355,,92,0,14.649669,20.018072,
19/12/23,2,3,26.526917,24.675106,,5,3,26.641832,16.87398,,1,3,24.408583,18.388212,,6,3,23.225,20.291357,,5,3,21.913336,15.315873,,0,3,20.416414,17.727943,,4,3,14.861003,9.007196,,11,3,14.629249,10.041354,,34,3,13.3117485,11.609651,,25,3,14.405917,17.068707,
20/12/23,1,3,26.043585,26.980793,,5,3,25.823084,18.581022,,7,3,24.354416,15.39184,,6,3,23.291666,15.1884165,,10,3,22.119581,17.227419,,4,3,21.074749,16.862455,,0,3,14.994332,9.686609,,4,3,15.587582,7.2,,6,3,13.472167,8.287822,,15,3,13.710084,11.753877,
21/12/23,0,3,26.053999,24.442913,,7,3,26.010584,17.309975,,2,3,24.627333,10.630672,,18,3,23.65,13.32,,20,3,22.927912,15.379206,,19,3,21.906,13.570615,,0,3,16.258917,7.5170207,,12,3,16.806334,6.8777895,,19,3,13.959666,9.504272,,12,3,13.968417,13.246826,
22/12/23,1,3,25.974833,18.335276,,12,3,25.460585,13.849477,,10,3,23.618998,7.386582,,12,3,23.839584,13.441071,,13,3,23.22375,11.525623,,11,3,22.366419,10.948973,,4,3,15.771413,9.726665,,11,3,15.947998,9,,9,3,14.434666,8.825508,,14,51,14.439252,9,
23/12/23,1,3,25.933167,26.183659,,15,3,25.746004,18.39878,,12,3,24.637754,12.819235,,9,3,24.50208,11.841756,,11,3,23.590418,9.605998,,19,3,22.303915,10.365251,,0,3,15.846419,9.673221,,23,3,16.05425,10.315115,,97,55,14.955499,18.218275,,106,3,15.893416,7.9526596,
24/12/23,1,3,26.120667,22.73707,,3,3,25.096,15.042659,,0,0,25.141912,12.181624,,0,0,24.610418,12.313894,,5,0,23.702913,10.8955765,,2,0,22.728918,13.324863,,5,3,15.7734995,10.948973,,38,0,15.793834,9.504273,,100,3,14.578416,9.0645685,,99,3,15.72675,8.707237,
25/12/23,2,3,26.145668,25.872454,,14,2,25.081415,16.992609,,19,0,24.075249,13.37825,,10,0,23.9125,10.163227,,11,0,23.188334,9.726665,,8,0,22.3435,11.304229,,5,3,16.210999,9.178235,,36,3,15.716751,10.440001,,81,3,14.638833,10.00256,,87,3,15.4975815,11.304229,
26/12/23,2,1,25.839415,19.523155,,6,0,25.49183,13.896187,,7,2,23.669,12.10157,,5,0,23.775002,8.854829,,8,0,23.171669,9.085988,,4,1,22.1435,7.771331,,51,3,16.029753,11.440978,,67,2,16.295916,9.255571,,138,3,15.05758,9.255571,,200,3,14.878833,9.360001,
27/12/23,2,3,26.185247,26.758923,,6,3,25.977251,18.806337,,34,3,24.041916,15.141414,,32,3,23.52917,12.10157,,40,3,22.846666,9.114471,,37,3,22.110168,10.685391,,11,3,17.358915,9.47012,,10,3,16.275084,9.255571,,99,3,14.282584,8.699793,,219,1,14.593418,9.387651,
28/12/23,140,3,26.287333,22.66857,,165,3,25.256416,16.73516,,187,3,23.229416,11.503113,,197,3,23.793753,10.390226,,198,3,23.775833,10.739832,,190,3,23.062248,11.720751,,199,3,15.348499,10.495713,,209,3,15.025081,8.891343,,222,3,14.086753,7.8954163,,310,3,13.501751,10.1376915,
29/12/23,172,3,25.949835,18.847641,,188,3,25.183496,15.484185,,205,3,23.835665,11.298495,,199,3,24.839584,9.290511,,201,3,24.17792,9.114471,,194,3,22.849749,9.220499,,220,3,15.502666,9.220499,,236,3,14.283416,10.464797,,244,3,12.453416,8.473393,,253,3,13.166335,5.991594,
30/12/23,0,3,25.864412,20.466246,,16,3,24.977251,14.707222,,12,0,23.37108,10.829958,,5,0,24.945831,10.799999,,6,0,24.411247,9.220499,,9,0,23.145582,10.239453,,1,1,16.17975,9.931042,,10,3,14.820915,12.599998,,27,3,11.945083,5.8603754,,49,3,12.764251,7.9526596,
31/12/23,1,1,26.041502,21.26744,,5,2,25.123083,15.484185,,5,0,24.404417,15.990646,,6,0,24.712496,13.104198,,15,0,23.9425,9.9571085,,12,0,22.393501,9.028754,,2,3,16.363083,12.313894,,12,3,15.081333,13.783817,,24,3,11.249249,8.913181,,29,3,12.36425,5.8603754,
01/01/24,0,1,25.549835,25.171696,,5,1,24.918917,17.786331,,0,0,23.744003,17.283749,,0,0,23.76667,14.4,,13,0,22.838333,9.793059,,7,0,21.778917,10.041354,,44,3,17.102669,10.028439,,63,3,15.20425,11.480557,,59,3,10.245083,8.39657,,84,3,10.416333,8.404285,
02/01/24,0,0,25.064417,30.589407,,9,0,24.35642,19.171478,,13,0,22.814835,16.676977,,5,0,22.806252,14.264361,,15,0,22.163332,11.165805,,8,0,21.191416,10.636766,,127,3,16.558914,9.339208,,126,3,15.86258,10.233123,,231,3,10.22425,9.028754,,311,3,9.343417,8.049845,
03/01/24,0,0,24.503998,29.627365,,9,0,23.848083,20.898613,,10,0,22.233583,17.610588,,6,0,22.106249,13.849476,,12,1,21.338333,12.599999,,9,0,20.356,12.768586,,22,3,15.511001,9.793059,,39,3,14.62925,11.966954,,63,51,12.851334,9.585739,,90,3,9.958,11.043261,
04/01/24,172,3,23.993584,27.609911,,196,3,23.085585,19.61587,,220,0,22.558584,18.278645,,211,1,22.754168,16.595179,,221,2,21.8425,15.137133,,232,0,20.170584,15.986595,,233,3,14.458917,9.565437,,238,3,13.752164,10.661107,,244,3,12.257584,8.0899935,,250,3,12.297584,10.636766,
05/01/24,137,3,23.726915,27.345785,,157,3,23.329332,18.328207,,181,3,22.354416,17.49615,,172,1,22.277086,17.643673,,179,0,21.232084,16.203999,,176,3,19.710169,13.75558,,161,3,14.198499,8.647496,,164,3,13.531333,12.031756,,154,3,11.567998,9.531505,,166,51,11.516334,8.669949,
06/01/24,0,3,25.010254,25.72174,,4,3,24.823084,22.42427,,4,3,23.764837,14.007655,,5,3,23.289583,16.595179,,19,2,22.027916,15.629972,,9,1,20.208084,15.315873,,15,3,13.46725,8.891344,,12,0,12.168834,8.654987,,35,3,11.355499,8.891343,,46,3,12.458001,7.771331,
07/01/24,1,51,25.470665,26.758923,,8,3,25.256418,18.171976,,7,3,24.794,15.778518,,2,3,24.637499,17.208603,,12,3,23.03,12.57426,,14,3,21.778915,15.778518,,0,3,13.671416,9.449572,,1,3,12.927166,8.14587,,42,2,10.636748,9.178235,,76,3,10.922585,7.9036193,
08/01/24,2,3,26.474833,21.829777,,9,3,26.766836,17.643673,,8,2,25.61275,18.668005,,11,1,25.904165,16.923828,,17,1,24.361252,15.226764,,27,51,23.085167,15.893093,,9,63,16.100582,9.339208,,2,63,15.30425,11.298495,,25,1,11.559667,8.287822,,48,3,11.193417,7.928177,
09/01/24,1,61,25.885252,21.313093,,7,63,25.475164,13.392774,,10,51,25.366919,13.849476,,10,51,25.379166,17.068707,,20,2,24.53625,15.716793,,13,51,23.205996,18.58451,,7,65,15.550582,14.332341,,2,63,13.283416,18.218275,,170,61,11.193,11.019764,,190,0,10.583001,13.70839,
10/01/24,0,53,25.8665,18.532133,,0,53,25.781416,11.966954,,10,1,25.069,16.58346,,12,0,25.614584,14.618837,,21,1,24.66542,14.264361,,18,51,22.797667,14.587776,,13,3,13.390168,9.904906,,31,3,11.345918,10.446206,,121,3,9.926332,13.18308,,127,0,9.580917,14.973577,
11/01/24,1,1,26.353996,25.862436,,7,51,26.9835,19.373219,,6,1,25.639833,15.496736,,5,2,25.64167,16.62249,,13,3,24.613335,14.512064,,11,0,23.058083,14.561099,,33,3,13.413083,7.289444,,31,3,12.098,9.931042,,61,0,9.897166,10.739832,,75,3,9.518416,12.313894,
12/01/24,1,3,26.58525,27.333935,,4,2,27.231415,17.114204,,2,3,26.10025,17.811815,,0,2,26.562502,17.31746,,5,2,25.165419,11.792404,,1,0,23.624748,12.429127,,7,0,13.975581,9.19939,,5,1,13.0563345,9.346143,,85,3,10.799249,10.703569,,145,3,9.937167,11.726277,
13/01/24,0,0,26.222748,21.178896,,7,0,26.327253,21.30093,,5,0,24.78775,14.386494,,6,0,25.047918,13.584932,,12,0,23.950834,10.587918,,12,0,22.264336,10.383987,,1,3,15.983917,8.766573,,0,3,15.014664,9.511088,,74,3,10.920083,9,,182,3,9.941333,10.8955765,
14/01/24,2,0,26.168585,28.410364,,8,0,26.12725,21.611996,,7,0,23.048166,13.979872,,6,0,22.433332,11.966954,,26,0,21.255001,11.177405,,16,0,19.210167,11.113451,,0,3,16.129747,10.464797,,0,3,14.777164,8.534353,,53,3,11.361752,9.255571,,95,3,9.551749,8.534353,
15/01/24,1,3,24.978998,28.963785,,10,3,23.891832,21.407139,,9,3,20.496084,15.463246,,2,0,20.572918,10.390226,,6,0,20.002914,10.446206,,8,0,18.641415,8.913181,,1,3,14.885998,9,,8,3,14.233415,8.854829,,37,3,10.970082,7.491114,,125,3,8.614249,9.746631,
16/01/24,1,3,23.899832,23.469128,,0,3,22.121,18.171976,,9,3,20.458582,15.629971,,10,3,20.593748,13.551501,,21,3,20.277918,10.163227,,12,3,19.2185,9.511088,,1,3,15.315166,10.24578,,0,3,14.395916,11.659777,,7,3,9.717999,10.587917,,17,3,8.462167,10.823973,
17/01/24,0,1,23.708168,19.107151,,9,1,22.016836,15.617529,,20,3,20.841915,16.75064,,14,3,21.068747,11.808878,,21,3,20.417498,9.793059,,11,3,19.158083,9.726664,,0,3,15.719333,13.479583,,1,0,14.281334,12.261157,,5,3,9.507584,10.182337,,22,3,9.914248,9.83268,
18/01/24,0,3,23.324831,25.567604,,6,3,22.198084,20.63023,,8,3,21.179415,16.516901,,3,3,21.754168,13.849477,,8,1,21.13,11.013882,,9,2,20.228916,11.966953,,1,1,13.858916,9.021574,,18,1,12.879249,9.504272,,18,3,9.515916,6.9899354,,28,3,10.643416,5.5887027,
19/01/24,0,0,23.51858,21.166653,,6,0,22.429337,15.256526,,10,0,22.575254,22.406927,,8,0,23.108335,17.313717,,11,1,21.96125,17.294992,,10,2,20.87475,14.512064,,11,3,12.677667,10.182337,,13,2,11.841748,11.043261,,67,3,8.997165,9.793059,,87,3,9.47675,9.085988,
20/01/24,1,1,23.5915,31.404713,,11,3,23.16475,23.441502,,15,3,22.108583,21.096123,,9,3,22.208334,15.4800005,,12,3,21.032084,15.84409,,19,3,19.233082,14.440443,,6,3,11.64225,9.726664,,2,3,10.983415,8.913181,,81,3,9.357583,8.587338,,163,3,9.57675,9.693296,
21/01/24,1,3,24.13108,26.072052,,5,3,23.585587,20.88,,16,3,23.10025,16.071491,,9,3,22.439583,19.523155,,11,3,20.980001,16.485485,,49,3,19.3435,14.003029,,11,3,12.825584,10.495713,,10,3,12.773,9.178235,,80,3,9.226332,10.805998,,102,3,9.035083,14.529915,
22/01/24,1,3,23.799833,26.282465,,5,3,23.450165,19.681828,,12,3,22.594,18.79255,,6,3,22.387499,15.905319,,10,3,20.659166,14.830076,,8,3,18.899752,11.966953,,8,3,13.713084,12.181624,,40,3,13.404251,9.3669195,,41,3,8.615917,9.9571085,,85,3,9.012167,10.1887,
23/01/24,1,3,24.143585,35.538033,,6,3,23.629333,27.059933,,15,2,22.198166,15.256526,,4,1,22.060417,19.694992,,5,1,20.513334,16.92383,,1,1,19.245584,15.463246,,1,3,14.215167,9.793059,,0,3,13.893833,10.365251,,43,3,10.682582,7.771331,,94,3,10.93925,8.825508,
24/01/24,1,3,23.801916,31.003918,,6,3,23.32725,23.1774,,8,2,21.791916,16.575644,,5,0,21.962502,14.277983,,9,1,20.527914,13.246826,,11,0,19.28725,10.948973,,3,1,14.925582,10.703569,,12,1,14.014667,9.422101,,37,3,12.115916,7.92,,111,3,10.926747,9.107359,
25/01/24,0,3,23.729002,22.065973,,13,3,23.17308,16.78156,,16,2,22.027334,14.081477,,10,3,22.285418,17.698677,,14,3,20.459167,15.226764,,4,3,19.756,10.1887,,1,3,14.198501,9.693296,,6,3,13.779251,9.36,,73,3,10.97425,7.2805495,,123,3,10.672584,10.195057,
26/01/24,1,3,23.958166,23.688984,,6,3,23.437668,16.434305,,15,3,22.354418,14.336861,,8,3,23.410418,12.181625,,13,3,21.459166,11.212135,,4,3,20.333082,11.165805,,0,3,15.517249,9.220499,,8,3,14.808415,9.422101,,50,3,11.630498,8.161764,,100,3,11.37675,9.9571085,
27/01/24,6,3,24.787336,22.427162,,16,3,24.34809,16.434305,,21,3,22.296082,14.241629,,17,3,23.670835,16.171976,,17,3,22.192503,13.0447235,,20,3,21.449753,12.371645,,6,3,16.800583,9.904906,,8,3,16.020914,8.557102,,22,3,13.980499,10.799999,,25,3,12.918416,17.25373,
28/01/24,0,3,24.910254,24.36591,,9,3,24.57517,19.09358,,28,3,22.377335,12.522619,,25,3,23.537498,12.24,,29,3,22.9425,11.165805,,24,3,21.414331,11.113451,,19,3,18.965166,9.360001,,14,3,17.858416,11.177405,,8,3,15.403417,10.446206,,21,3,13.8455,11.384199,
29/01/24,1,3,24.724836,26.987997,,9,3,24.898087,22.915916,,12,3,22.364832,14.81259,,2,3,23.366669,14.934577,,8,3,22.134169,10.703569,,0,3,20.810165,10.105681,,0,3,17.702665,11.183201,,10,3,17.339664,8.404285,,25,3,15.309667,8.4042845,,94,3,14.368417,8.435069,
30/01/24,1,3,24.387331,26.36616,,7,3,23.981417,21.67487,,12,3,22.239832,16.595179,,4,3,23.131247,14.021525,,3,3,22.602915,9.511088,,4,3,21.401833,8.699793,,1,3,18.37975,7.42159,,0,3,18.175081,8.161764,,25,3,14.570084,8.427383,,87,3,14.360082,7.6367526,
31/01/24,0,3,24.124832,24.850431,,12,3,23.348083,20.188908,,13,3,22.921083,16.854767,,4,3,24.104166,14.512064,,7,3,23.2675,14.205182,,0,3,22.451834,9.673221,,6,3,19.273499,9.6932955,,2,3,19.02925,10.495713,,23,65,15.943001,20.696085,,45,63,14.2705,16.263872,
01/02/24,2,51,23.539415,27.362368,,7,2,22.96475,21.178896,,9,1,22.458582,13.493999,,5,0,23.466665,12.015589,,5,3,23.321669,12.682018,,7,2,22.660166,11.681987,,1,2,19.517248,11.246759,,2,2,18.964666,12.015589,,23,51,16.13675,13.441071,,68,65,14.545502,21.252197,
02/02/24,1,3,24.006083,29.869154,,5,3,24.208504,24.344624,,9,3,23.202333,19.022177,,6,3,23.935415,12.538134,,5,3,22.963333,8.891344,,10,3,22.506002,9.36,,6,1,17.921417,11.440978,,6,3,16.462582,16.79314,,39,3,13.797168,11.304229,,48,3,12.826752,15.986593,
03/02/24,1,3,25.587334,29.035288,,9,2,26.129333,19.164719,,15,0,25.577332,17.974781,,10,0,25.970835,13.276144,,9,2,25.28417,12.43434,,8,2,24.091415,9.3876505,,0,3,20.454748,8.534353,,1,51,18.720915,7.729527,,45,53,15.676334,7.771331,,66,61,15.0580015,10.853866,
04/02/24,0,0,25.226915,17.727943,,7,0,25.591833,15.328561,,6,0,25.729416,15.034041,,0,0,26.872917,12.864649,,7,0,25.961252,11.753876,,8,0,25.07475,10.587917,,12,53,20.360998,12.496718,,25,61,20.143835,21.385939,,46,63,16.922167,14.934577,,72,63,15.874665,14.417988,
05/02/24,1,0,25.410246,23.928492,,6,0,25.687668,20.188908,,9,0,24.552332,13.009903,,4,1,26.183334,13.627795,,10,0,25.45083,14.512064,,8,2,24.351831,9.726664,,6,3,19.008917,11.457958,,5,51,17.737585,12.984975,,16,51,15.109668,13.084402,,64,51,14.3288355,10.883676,
06/02/24,3,0,25.103998,24.951921,,8,0,25.629332,19.376562,,15,1,24.814833,13.1041975,,5,1,26.270834,13.698934,,3,2,25.55292,14.689589,,8,3,24.306,8.350138,,6,3,17.365168,12.287555,,5,3,15.464668,12.7279215,,1,3,12.980499,11.27553,,10,3,12.295502,15.629971,
07/02/24,0,3,25.324835,34.942265,,11,3,26.033499,24.675106,,15,3,25.194002,22.180206,,4,3,25.739586,18.391737,,4,3,25.259163,15.124284,,9,3,24.133085,16.58346,,7,3,16.796415,10.390226,,5,3,15.377166,11.542478,,18,3,13.707583,16.548256,,37,3,12.647583,23.469128,
08/02/24,11,3,24.843582,32.35997,,19,3,25.196001,25.772078,,23,3,24.946083,19.008545,,13,3,25.045832,16.267857,,11,3,24.102915,19.346441,,11,3,22.855997,18.39878,,0,3,14.277664,10.1376915,,7,3,13.543834,12.224107,,3,2,13.074249,21.385939,,17,3,13.397586,27.257967,
09/02/24,3,0,24.681082,30.070238,,6,0,24.510584,24.063513,,14,3,23.937752,19.022177,,7,3,24.431246,15.30741,,6,3,23.669584,10.163227,,15,3,22.366417,12.57426,,5,2,14.169333,11.090103,,2,0,14.075082,10.799999,,8,0,13.782584,9.47012,,17,0,13.253837,12.43434,
10/02/24,1,0,24.693579,32.553635,,15,0,24.16892,24.26998,,23,0,22.900253,16.78156,,10,0,23.85,13.217443,,8,0,23.467499,10.105681,,15,3,22.845583,13.979872,,1,0,15.008918,14.021525,,16,0,14.591748,11.304229,,30,0,13.405499,8.78872,,35,3,13.055916,9.028754,
11/02/24,1,3,24.331083,30.096085,,6,3,23.756418,23.469128,,12,3,22.70025,15.175612,,6,3,24.360418,14.689588,,3,3,24.34875,12.849528,,15,3,23.253916,14.480773,,0,3,15.388083,11.620809,,3,1,14.995915,11.457958,,1,0,14.09925,10.495713,,44,0,14.312169,10.00256,
12/02/24,6,3,24.260246,21.900904,,7,3,24.154335,15.941944,,14,3,22.802336,11.770403,,5,3,23.647917,16.563911,,1,3,23.838333,15.192682,,15,3,23.028915,11.923557,,0,3,17.031832,9.957108,,2,3,16.364668,10.739833,,6,3,14.72633,8.714677,,42,3,14.564251,8.707238,
13/02/24,1,3,24.668585,30.027107,,7,3,24.935587,21.758419,,19,3,23.683584,17.654688,,11,3,24.43125,14.081477,,8,3,24.559168,13.979871,,6,3,23.46433,11.298495,,0,3,19.244335,12.522619,,0,3,18.048,12.031756,,4,3,16.478415,8.049845,,5,3,15.097583,9.826088,
14/02/24,1,3,24.824831,30.45566,,5,3,25.498083,24.696102,,15,3,24.352333,20.46941,,8,3,24.808334,15.03835,,9,3,24.12375,9.793058,,8,2,23.512253,9.028754,,28,1,18.8485,11.090103,,27,2,18.477167,9.885262,,7,3,16.532581,11.91812,,140,1,16.035086,13.246826,
15/02/24,0,0,24.851912,25.72174,,7,0,25.254333,22.218153,,11,0,25.185667,18.218275,,3,0,26.483335,15.580141,,8,0,26.06125,12.43434,,3,0,25.48725,15.646544,,4,0,17.5735,11.592894,,6,0,17.516752,10.296251,,11,0,15.986752,9.83268,,15,0,15.7684145,14.512064,
16/02/24,0,0,25.237333,20.858265,,7,0,26.116835,16.24394,,14,1,27.071085,20.447239,,10,1,28.614586,18.289274,,12,2,28.01542,14.759999,,10,1,27.031,15.683774,,0,0,18.702665,11.119281,,1,0,18.485498,9.585739,,12,0,16.151333,8.766573,,5,0,15.874667,13.392774,
17/02/24,1,2,25.501917,16.394829,,11,0,25.96892,16.563911,,23,3,27.116919,14.118243,,20,3,28.616667,13.75558,,24,3,28.109169,13.32,,19,3,27.12683,12.620554,,15,0,19.494333,9.83268,,19,0,20.304249,7.928177,,3,0,17.397165,11.885453,,12,1,16.687168,14.84318,
18/02/24,1,0,25.626915,25.35637,,5,1,25.806412,23.507751,,23,3,25.679419,15.778518,,15,3,27.143753,15.986595,,13,3,27.500832,18.64369,,20,3,26.5935,17.551615,,2,3,22.696417,14.76439,,3,3,21.000084,13.905509,,0,3,18.368,14.264361,,4,3,19.189249,15.137133,
19/02/24,1,2,25.531082,24.485292,,4,2,25.673086,20.620804,,6,3,25.171087,14.021525,,4,3,26.835417,21.915693,,2,3,27.023756,19.734436,,6,3,26.537249,20.991426,,9,3,24.629753,21.313093,,23,3,23.062582,18.171976,,10,1,19.886751,18.35647,,15,1,20.499666,27.497026,
20/02/24,1,2,24.945665,29.96662,,6,3,24.802252,24.951921,,7,3,25.27108,13.722565,,3,3,25.602081,17.518356,,6,3,26.027918,17.811815,,17,3,25.701836,14.168641,,2,3,23.288084,20.674158,,0,3,22.150084,23.664352,,10,2,19.967997,19.523155,,11,51,19.387167,14.04,
21/02/24,1,3,24.67275,24.192429,,6,51,24.246,19.969458,,10,3,24.53567,14.154915,,5,3,24.69792,19.174856,,3,3,25.007082,17.902534,,8,51,24.960167,17.654688,,17,53,19.827667,12.682018,,16,55,19.081331,14.408997,,10,53,18.15133,12.074766,,12,2,18.858,17.462784,
22/02/24,1,51,24.368584,27.217524,,6,51,23.837667,19.826164,,6,3,23.823168,14.039999,,13,0,24.470835,15.4800005,,22,0,24.396667,16.203999,,18,2,24.170584,16.923828,,1,3,19.046417,13.237039,,2,2,18.731333,18.94024,,15,51,16.845085,12.904882,,2,1,16.722582,14.003028,
23/02/24,1,1,24.545668,32.664917,,9,3,24.129332,26.493652,,12,1,23.521086,18.331741,,6,3,24.231249,17.595861,,5,0,23.982084,11.304229,,9,0,22.989334,10.495713,,0,0,17.873499,10.315115,,4,0,17.856333,12.413477,,28,3,15.797165,11.440978,,17,0,15.666333,14.773164,
24/02/24,130,0,24.885248,35.455887,,148,0,24.881418,29.179993,,172,0,23.800247,22.392464,,187,0,23.941668,16.394829,,186,0,23.155,13.979871,,191,0,22.353914,12.959999,,182,1,18.333916,11.113451,,183,51,18.050081,18.723461,,193,51,15.976334,21.077686,,196,3,16.474669,11.212135,
25/02/24,1,0,25.0915,26.758923,,6,0,25.562668,20.972897,,10,3,25.639833,17.654688,,4,3,25.377083,20.929594,,4,3,24.53833,21.638964,,3,3,23.86225,19.453327,,0,3,19.029749,14.021525,,7,3,19.118834,20.008356,,0,3,17.042997,12.181624,,46,3,17.578833,13.684735,
26/02/24,0,3,25.676918,20.211363,,8,3,26.402245,17.555305,,10,3,26.039833,17.309973,,4,3,27.481247,14.869351,,1,3,26.971666,12.10157,,11,3,26.08933,14.84318,,9,3,19.463083,16.263872,,13,3,18.018831,19.67195,,8,3,17.172167,11.792404,,11,3,17.972586,10.990322,
27/02/24,0,1,26.104002,25.984919,,11,1,27.004333,21.203358,,16,1,26.835672,14.689589,,11,1,27.737497,14.973576,,10,0,27.669584,17.771753,,15,0,27.339334,13.5515,,1,61,18.471418,13.276144,,1,1,18.489668,18.39878,,11,51,17.27008,13.797913,,12,55,17.872583,15.827721,
28/02/24,0,0,26.391504,24.962307,,10,0,27.535583,18.720001,,14,0,27.369003,17.992796,,11,1,28.739586,17.974781,,10,0,28.319586,11.090103,,14,0,27.460167,13.044722,,1,0,18.442251,11.269782,,7,0,18.91258,11.090103,,2,0,17.43675,15.072783,,18,0,17.62467,20.304129,
29/02/24,0,2,26.645666,26.42753,,6,2,27.314749,18.204042,,9,2,27.144003,15.546833,,3,1,29.012499,16.489416,,5,1,29.490416,17.026896,,9,1,28.599754,14.332341,,1,0,20.77975,10.163227,,8,1,21.391752,15.158522,,5,1,18.755499,10.799999,,10,3,18.735085,13.53236,
01/03/24,0,3,26.064415,25.862436,,13,51,26.518919,19.164717,,13,3,26.377335,15.496736,,8,1,27.989584,19.64228,,10,1,28.900835,21.479664,,11,1,29.12475,23.000591,,4,61,24.492249,23.143827,,40,51,23.268835,19.829433,,37,51,20.997166,20.172853,,42,51,20.78925,19.803272,
02/03/24,2,2,25.485252,25.849905,,10,51,25.879332,18.998316,,13,53,25.458582,18.947083,,7,1,26.141668,24.122686,,10,51,26.523748,24.881702,,3,51,25.51225,27.852928,,5,51,22.300583,25.11758,,7,63,21.45217,16.595179,,4,65,20.490915,24.312662,,12,63,19.31217,31.093666,
03/03/24,0,51,23.618584,28.82249,,5,51,23.333502,19.61587,,4,0,21.577332,17.84816,,4,0,22.368752,16.363178,,4,0,22.02167,15.273505,,4,1,20.362253,14.707222,,24,51,18.9235,13.779114,,29,51,18.025084,11.928989,,16,61,17.361748,14.973576,,14,51,17.074667,14.205182,
04/03/24,1,3,23.331083,30.385365,,8,3,22.871,21.94524,,10,0,22.671082,19.770523,,9,0,23.237501,14.84318,,5,0,22.788332,12.24,,7,2,21.32475,12.9249525,,0,3,17.046417,9.585739,,2,3,16.24175,11.298495,,0,3,16.42425,13.722565,,-10,3,15.695502,14.904173,
05/03/24,3,0,24.243584,35.419315,,9,0,23.65017,24.363249,,8,0,23.57525,22.180206,,0,0,24.172915,16.299694,,0,0,23.707087,13.104198,,3,0,22.37475,10.495713,,0,0,16.883917,10.44,,11,3,17.095915,12.819235,,8,3,15.015916,11.681987,,9,3,15.191334,16.075521,
06/03/24,1,3,25.1415,30.25928,,9,3,24.216833,24.72495,,9,3,23.327332,16.645864,,7,3,24.641665,14.986553,,8,3,25.02167,14.182355,,10,2,24.10808,12.682018,,4,1,18.140165,8.647496,,10,2,17.398,11.457958,,1,3,15.297164,9.931042,,19,3,15.253833,15.408671,
07/03/24,2,1,25.39567,29.546328,,7,2,26.208502,24.946726,,6,3,25.321081,19.201874,,1,3,26.260416,17.309975,,1,3,25.859169,12.88981,,10,2,24.9185,10.105681,,11,1,19.454748,10.163227,,21,0,19.300083,9.585739,,7,0,17.686749,9.007196,,8,0,17.522583,15.1884165,
08/03/24,1,0,26.512331,37.123665,,9,0,27.629332,28.394392,,12,0,26.741915,21.178896,,7,0,26.706253,17.072504,,6,0,26.28,12.738099,,10,0,25.191414,13.708391,,18,0,20.550585,10.1887,,19,0,20.568834,14.529915,,5,0,18.297163,12.964998,,13,0,18.428833,16.676977,
09/03/24,1,1,26.145666,31.235058,,5,2,26.900167,24.442913,,14,3,26.156502,21.470612,,15,3,26.904167,17.826363,,17,3,26.421667,17.399586,,19,3,25.485168,13.783817,,0,3,20.411001,10.630672,,3,3,19.541748,12.783802,,21,3,17.320082,13.281023,,0,3,18.230917,16.87398,
10/03/24,1,0,25.599833,29.574827,,11,0,26.073082,21.710716,,12,2,25.371086,14.512064,,5,3,26.858335,16.263872,,5,3,26.529997,16.62249,,14,0,26.587248,12.245294,,9,2,22.146414,11.367109,,10,1,21.516752,11.435313,,14,3,19.501333,9.531505,,12,3,20.428835,11.770403,
11/03/24,0,3,25.953995,31.981293,,9,2,27.316832,26.220753,,10,0,26.685663,17.782688,,2,0,28.40625,12.620554,,5,0,28.319588,15.141414,,12,0,28.001837,13.276144,,0,0,23.254747,9.028754,,8,0,23.362581,8.404285,,1,3,21.69925,10.636766,,10,51,22.220499,14.113652,
12/03/24,0,3,26.124832,29.462873,,4,3,27.410582,23.441502,,8,1,26.825247,17.917007,,14,0,28.531252,15.629971,,11,0,28.352915,16.75064,,19,0,27.745584,12.387348,,1,0,23.319334,13.551501,,3,0,23.691748,11.808878,,7,3,21.690918,17.313717,,-4,0,22.391333,18.64369,
13/03/24,1,1,25.48733,30.10685,,6,1,25.631416,24.184391,,8,1,25.714838,16.267857,,12,0,27.472921,14.440443,,10,0,27.509169,17.026896,,13,0,27.2435,13.18308,,4,2,23.415167,14.77755,,6,1,23.037584,13.891522,,8,2,21.720083,15.546833,,12,2,21.282999,17.414474,
14/03/24,1,1,25.068583,31.869658,,5,0,25.087667,24.72495,,9,0,25.314835,15.596767,,4,0,26.668755,14.154915,,2,0,26.602915,11.841756,,4,0,26.412252,10.495713,,1,0,22.271416,12.144331,,5,0,21.998003,12.984975,,17,0,21.572165,12.864649,,7,1,22.055918,16.263872,
15/03/24,1,2,24.28525,24.464113,,6,3,23.850166,16.854767,,9,0,24.123167,16.575644,,9,0,26.1625,16.575644,,9,0,26.625834,13.797912,,10,0,26.29558,12.031756,,0,3,21.927664,12.181625,,1,3,21.550081,14.4,,3,2,20.186749,13.783817,,15,3,20.074667,16.87398,
16/03/24,1,3,24.587334,25.476198,,0,3,24.354334,21.096123,,10,0,24.302336,16.75064,,9,0,26.597918,12.620554,,10,0,26.982086,11.183201,,14,0,27.12475,12.397806,,9,3,22.656836,11.966954,,13,3,21.41675,14.480773,,0,3,19.26175,10.948973,,6,3,20.195501,12.984975,
17/03/24,2,3,24.862333,23.667091,,4,3,25.225168,18.25026,,10,3,25.16275,15.84,,6,2,27.116667,15.315873,,8,0,27.617502,15.815435,,7,0,27.095587,11.792404,,0,3,23.261,14.440443,,2,3,21.502167,11.570515,,0,3,19.926332,10.587917,,-6,3,21.1205,11.901798,
18/03/24,3,3,25.322752,21.313093,,7,3,25.800169,17.106628,,11,3,25.583582,16.919998,,9,0,27.893753,17.771753,,17,1,28.800835,12.413476,,14,1,27.897667,12.768586,,1,0,22.000586,12.0694,,18,0,21.766748,12.287555,,1,0,19.8305,10.587918,,-3,2,21.0455,12.979984,
19/03/24,0,3,25.795668,26.42753,,6,3,26.225166,20.61766,,54,3,27.073166,16.981165,,42,3,28.977083,18.899143,,42,1,29.536255,13.684735,,37,0,28.681005,14.372974,,11,2,23.083916,13.1041975,,18,3,23.131334,18.792551,,1,1,21.2055,11.983188,,2,0,21.868416,15.530151,
20/03/24,2,3,27.960249,33.48774,,16,3,29.20017,28.075384,,20,2,28.806498,21.120682,,6,3,29.53333,16.595179,,11,3,29.907084,14.81259,,13,3,29.520582,11.525623,,8,3,23.619333,12.015589,,14,3,23.218836,11.542478,,9,3,22.549248,15.2947035,,11,3,23.608002,17.068707,
21/03/24,1,3,27.976915,26.220753,,5,3,29.32308,20.037485,,12,3,29.146086,21.603,,5,3,30.097916,17.339897,,4,3,30.927917,15.042659,,5,3,29.903915,12.074766,,1,3,23.890162,11.792404,,5,3,24.910494,14.118243,,4,3,22.399248,15.315873,,10,3,22.576754,18,
22/03/24,1,1,26.408165,22.862125,,7,0,26.666832,18.899143,,10,3,26.864836,17.313717,,1,3,29.26042,15.876775,,1,3,29.694588,16.575644,,13,3,29.63517,11.440978,,1,0,26.127665,12.758432,,5,2,26.031328,15.496736,,0,2,23.813835,10.691453,,-11,0,24.368418,11.983188,
23/03/24,2,3,26.264414,25.661207,,9,3,26.593918,18.998316,,11,3,27.108582,15.893093,,7,3,29.533335,15.124284,,14,3,30.33625,18.25026,,3,3,30.283081,13.779114,,1,3,26.6735,12.641076,,3,3,27.808416,12.620554,,7,3,25.117998,14.77755,,15,3,26.060087,19.878391,
24/03/24,1,3,26.322752,27.661497,,5,3,26.725168,18.39878,,5,2,27.412752,15.39184,,0,2,29.985418,13.849477,,0,3,30.036255,13.910169,,3,3,29.731003,9.746631,,0,3,27.433916,15.315873,,9,3,27.723007,22.961115,,8,3,24.52008,20.633371,,14,3,24.022585,33.839996,
25/03/24,0,0,26.454,27.609911,,7,0,26.81058,20.26899,,6,0,27.514832,16.520823,,4,0,30.17917,16.58346,,7,0,30.888334,9.931042,,1,0,30.653921,9.107359,,0,3,27.383917,11.983188,,13,3,27.162582,13.089354,,0,1,24.84925,15.530151,,9,3,25.487167,21.892027,
26/03/24,2,0,26.887335,29.05983,,6,0,27.385582,21.028437,,2,1,28.508581,18.25026,,0,3,31.008333,14.081478,,0,3,31.646666,14.205182,,6,3,32.251835,11.298495,,1,3,28.638084,13.441071,,1,3,28.864664,12.682018,,0,3,26.57425,10.464797,,7,3,26.520502,15.188415,
27/03/24,2,1,26.910248,28.277763,,6,0,27.470999,20.291357,,7,0,28.168999,15.84,,0,3,31.247915,15.158522,,1,3,32.355,13.324863,,13,3,32.63725,13.276144,,3,3,30.558916,14.764389,,11,3,29.783417,10.966713,,1,3,27.826334,13.450708,,-2,3,28.497581,18.844202,
28/03/24,1,3,27.035254,25.864943,,5,3,27.652252,17.673029,,3,1,28.804419,14.799459,,1,1,31.622917,14.332341,,2,3,32.62792,18.089775,,2,3,33.172665,17.58481,,0,3,30.077667,16.203999,,5,3,30.52925,13.493999,,3,3,28.55758,10.308831,,-9,3,28.87883,17.298738,
29/03/24,0,1,27.526918,27.887802,,8,2,28.056417,20.898613,,7,2,29.27733,16.327497,,0,2,31.520834,15.876775,,8,3,32.157085,17.462784,,7,3,32.237247,19.826164,,6,3,31.656832,19.95972,,11,3,30.406328,14.973576,,8,3,28.682579,23.377836,,1,53,28.272583,18.94024,
30/03/24,0,3,27.44358,32.37799,,9,3,28.14808,23.557316,,5,3,28.929419,17.447933,,0,3,31.085417,15.226764,,5,1,31.43625,18.03237,,3,1,31.312254,16.516901,,1,2,30.425581,20.06334,,13,2,29.360502,20.780453,,3,2,27.94925,20.150354,,4,3,27.970503,19.164717,
31/03/24,1,1,27.593584,33.425762,,4,2,28.341835,24.951921,,0,3,28.446085,18.03237,,0,2,30.085413,14.689589,,9,2,30.361252,15.683776,,4,3,30.285166,12.181624,,1,3,27.940165,18.193361,,9,3,27.343834,14.57889,,2,0,27.26175,17.826363,,8,1,27.007996,20.46941,
01/04/24,1,3,27.064417,26.932714,,5,3,27.668917,20.68356,,3,3,28.108582,17.462782,,0,3,30.15417,15.986595,,4,3,30.584173,16.954432,,1,3,30.631002,17.076298,,14,3,27.838081,14.565548,,17,3,27.281336,11.923557,,5,3,25.467997,24.66197,,-1,3,24.568419,20.771093,
02/04/24,1,3,26.751915,27.217524,,5,3,26.862669,18.03237,,3,3,27.950249,17.418196,,0,3,30.600004,16.454008,,5,3,30.9925,17.163355,,7,3,30.728918,12.10157,,0,3,28.415163,11.525623,,7,3,27.866747,10.594036,,0,3,25.705503,14.241629,,5,3,26.193419,21.67487,
03/04/24,1,3,26.735247,28.58545,,11,2,27.079329,20.12461,,6,3,28.316916,17.654686,,0,3,30.197912,15.856356,,11,3,30.544586,15.226764,,19,3,30.816416,13.905509,,10,3,29.213081,11.246759,,15,3,28.533417,14.007655,,10,3,27.37008,11.525623,,2,3,27.880919,18.448023,
04/04/24,1,3,26.999832,28.167557,,5,3,27.598083,22.545315,,8,3,29.039835,17.114204,,2,3,31.183332,14.168641,,8,3,31.309172,16.862455,,1,3,31.085169,12.261157,,0,3,30.394333,18.581022,,0,3,29.266747,12.959999,,10,3,28.905497,14.081478,,13,3,28.880919,18.129137,
05/04/24,1,3,27.774834,32.682766,,9,3,29.450165,26.758923,,5,3,30.80233,21.38897,,5,3,32.12708,20.969807,,19,3,32.365417,19.914215,,11,3,32.147667,22.42427,,1,3,28.952665,13.849477,,2,3,28.743834,20.188908,,9,3,28.284668,15.137133,,3,3,28.249666,26.795223,
06/04/24,3,0,28.631086,34.936695,,7,1,30.856415,28.856194,,12,1,30.87525,21.175837,,1,3,31.98958,20.316889,,9,3,32.09042,17.935081,,1,3,31.77475,16.676977,,0,3,29.438082,16.311613,,1,3,28.660498,11.885453,,0,3,27.305496,13.722565,,4,0,26.983002,21.313093,
07/04/24,46,0,27.953995,28.515089,,67,0,28.906416,24.569836,,65,0,28.86483,16.62249,,63,0,30.352081,18,,70,0,30.775833,17.727943,,61,0,30.908083,13.830749,,42,1,29.119337,10.296251,,42,0,28.827166,15.315873,,38,2,27.265915,18.079027,,22,0,27.010084,20.674156,
08/04/24,0,0,26.99984,24.95452,,6,0,27.168917,19.969458,,5,0,28.831497,18.228943,,2,0,30.941666,16.279802,,7,0,31.455002,11.269782,,2,0,31.358086,10.195057,,5,3,30.190163,17.731598,,10,3,30.320917,17.057314,,0,1,27.805502,14.458382,,0,1,28.364248,19.61587,
09/04/24,1,3,26.774834,23.4,,12,3,27.587667,18.057508,,11,2,28.235664,14.689589,,6,3,30.954168,14.986553,,13,3,31.934168,17.25373,,5,3,31.997665,11.298495,,1,3,31.046415,15.463246,,5,3,30.45008,14.20062,,1,3,28.972162,13.104198,,-3,3,28.685081,19.64228,
10/04/24,2,1,26.870672,27.890127,,6,3,27.250168,19.245697,,10,3,27.816917,17.193533,,1,3,30.331251,15.315873,,7,3,31.565416,16.055353,,10,3,32.45808,16.78156,,42,3,28.815168,26.544964,,43,3,28.7105,12.57426,,30,3,28.536749,22.691425,,14,3,28.87258,14.973577,
11/04/24,2,3,27.231081,26.081993,,6,2,27.543915,18.161278,,8,3,27.939835,17.414476,,6,2,29.941668,19.228851,,10,3,31.242498,21.068459,,0,3,32.36017,19.137648,,13,3,30.060999,14.689589,,19,3,29.710503,13.104198,,1,3,29.70133,21.933426,,9,3,30.003832,13.979872,
12/04/24,3,3,26.887331,26.099379,,7,3,27.110586,17.31746,,9,2,27.069,17.208603,,3,1,28.82083,18.844202,,9,1,30.086252,19.174856,,3,0,31.09558,16.563911,,15,3,30.663084,20.326454,,15,3,30.08758,20.056877,,4,3,29.372168,12.313893,,10,3,30.524672,12.72283,
13/04/24,0,3,26.535248,24.20314,,8,3,26.350166,18.782204,,11,2,26.860664,17.163355,,0,3,28.93958,16.575644,,3,3,30.173746,16.1198,,4,3,30.866423,16.641972,,30,3,30.68808,16.215992,,44,3,29.404245,16.08761,,22,3,30.049248,14.529915,,10,53,30.0205,16.299694,
14/04/24,1,2,27.008165,32.777794,,9,1,27.573088,22.218153,,15,1,28.616915,16.343367,,7,51,31.195833,15.273505,,11,51,32.438335,17.10284,,11,3,32.70184,22.406927,,0,3,29.956835,32.185287,,1,53,28.985502,10.787993,,2,3,29.128412,18.58451,,1,51,27.347578,15.941944,
15/04/24,1,2,28.833168,29.59235,,8,1,31.291826,23.893261,,13,0,33.34608,21.9718,,0,3,34.98125,17.786331,,0,3,35.39042,15.941944,,1,3,34.780994,16.766108,,1,3,30.958921,15.034041,,0,3,30.90008,21.746502,,12,3,30.072166,17.462784,,-3,63,28.962168,18.678415,
16/04/24,0,3,30.445665,30.811037,,4,3,33.768917,25.570139,,3,2,34.52942,24.387178,,14,2,35.847916,20.774214,,16,3,35.961246,16.279802,,15,3,35.370586,12.496719,,14,2,31.186003,13.397612,,14,3,30.487581,14.512064,,12,3,30.938833,19.483284,,3,3,29.972582,20.94507,
17/04/24,1,1,28.614418,25.006397,,9,2,30.200167,17.826363,,11,1,33.116917,21.933426,,11,1,36.09375,19.734436,,10,2,36.16125,24.826952,,3,3,36.214333,21.599998,,1,3,31.43808,14.917212,,3,3,30.7105,19.770523,,0,3,30.092997,24.57511,,-19,3,29.749662,29.144442,
18/04/24,0,3,28.99775,26.886963,,7,3,30.01683,20.730501,,15,3,31.631498,16.071491,,6,2,34.385418,17.174677,,6,3,35.30083,22.45315,,3,3,35.726833,18.681883,,0,3,32.177666,32.33794,,10,3,31.891747,27.609911,,5,3,32.315914,22.734219,,15,3,31.42675,18.391735,
19/04/24,0,2,29.25817,32.846916,,5,1,30.541832,27.238943,,7,1,31.991919,23.532547,,13,1,34.06667,17.339897,,13,2,34.48834,18.25026,,3,2,34.133083,19.93048,,1,3,33.161,24.098497,,8,1,32.497997,21.41319,,10,1,32.732586,24.651457,,0,2,31.374662,19.255793,
20/04/24,2,2,28.920668,33.933697,,8,3,29.881416,27.248455,,10,3,31.260664,18.86139,,13,3,32.56042,15.815435,,14,3,32.757084,18.861387,,33,3,32.347668,15.03835,,2,3,31.079752,18.0036,,8,3,30.441744,20.12461,,7,3,31.209663,17.106628,,14,3,30.395498,21.485697,
21/04/24,1,2,28.714422,32.917862,,4,2,29.485586,25.455843,,4,3,30.531504,16.92383,,8,3,32.041668,17.917007,,12,3,32.498753,16.039202,,6,3,32.17475,15.683776,,6,3,30.744331,19.33639,,8,3,30.004251,14.81259,,2,3,30.682585,17.283749,,8,3,30.470499,17.64,
22/04/24,2,3,28.59775,32.777794,,16,3,29.348083,25.212852,,22,3,30.448168,17.873556,,10,3,31.485418,13.53236,,10,3,31.665415,16.93531,,20,3,32.066418,15.941944,,7,0,31.623503,19.353138,,9,1,30.668837,14.408997,,10,2,30.553413,20.176065,,0,3,30.589249,25.212852,
23/04/24,1,0,28.370665,31.122826,,8,0,28.70433,23.78453,,22,0,29.798166,18.214718,,9,0,31.664587,16.516901,,13,0,32.134174,18.947083,,15,0,32.36225,16.485485,,23,1,31.611,17.654688,,26,1,31.516752,14.05845,,1,1,31.176336,23.806318,,-4,1,30.014244,26.61323,
24/04/24,1,1,28.487333,32.83705,,5,1,28.881418,21.413193,,5,1,30.202332,16.862455,,7,1,32.579166,16.78156,,6,1,33.311253,17.727943,,11,1,33.401836,11.525623,,0,1,31.746414,15.349684,,4,1,31.35425,19.386591,,0,2,30.442999,18.668005,,10,0,29.945496,21.659916,
25/04/24,0,2,28.510246,33.565056,,5,51,29.116829,24.122686,,4,2,30.046082,14.618837,,7,1,32.774998,15.745627,,11,2,33.888336,17.076298,,6,2,34.585163,17.58481,,3,0,32.308918,20.00512,,8,0,32.943836,11.592894,,1,1,31.257582,16.595179,,2,0,30.54133,23.419376,
26/04/24,1,2,28.679,29.024128,,5,2,29.870993,22.768396,,2,1,31.031494,17.58481,,6,2,33.245834,16.516901,,3,2,33.33625,19.201874,,8,2,32.955997,13.276144,,5,51,31.913086,26.009844,,10,3,32.25425,23.469128,,1,3,32.78883,18.089775,,1,3,32.868412,36.64404,
27/04/24,1,2,29.22483,31.319998,,9,2,30.987665,23.4,,11,3,32.218998,21.578989,,8,3,34.16458,16.375053,,23,3,34.91125,18.161278,,20,3,34.353916,14.336861,,3,3,31.844332,24.490585,,15,3,31.498,23.933908,,6,3,32.599247,26.302181,,4,3,31.335083,21.03152,
28/04/24,2,0,30.362333,37.99663,,4,0,32.821,29.533169,,8,3,33.27941,24.514387,,4,2,34.689583,17.377226,,1,3,34.869583,19.011953,,7,2,34.899746,14.20062,,0,3,31.927668,17.106628,,16,2,31.431334,18.171976,,5,3,31.276335,13.551501,,5,3,30.649668,17.22742,
29/04/24,1,3,29.73942,33.989033,,7,2,31.843918,27.267473,,13,1,32.371082,19.770523,,7,0,33.88958,16.055355,,9,1,34.538334,15.256526,,1,1,34.303913,15.646544,,23,3,33.16308,21.99538,,29,2,32.36883,24.216522,,18,2,32.75133,34.57687,,5,3,31.174662,25.809765,
30/04/24,3,0,29.45192,32.59939,,7,1,31.377249,28.257132,,12,0,32.55442,20.172853,,6,0,34.031246,17.309973,,10,0,34.313335,18.998314,,20,0,33.924747,18.218275,,15,0,30.7735,16.516901,,15,0,29.564661,15.281989,,5,0,30.11175,16.645864,,2,0,29.385078,19.64558,
01/05/24,1,3,28.704002,26.459387,,6,3,28.9085,19.803272,,5,0,30.558586,15.84409,,5,3,32.122917,23.090569,,6,3,32.932087,18.289274,,14,3,33.062252,14.84318,,8,0,29.156828,18.59845,,10,0,28.38133,20.380579,,4,0,27.982582,20.188908,,8,0,26.724665,23.510508,
02/05/24,1,1,28.133171,29.204409,,5,1,28.1335,19.959719,,6,2,29.508583,17.581125,,6,2,31.356249,15.725037,,5,3,32.282085,17.462784,,5,3,31.970583,13.479583,,7,3,28.727667,12.599998,,9,3,27.85425,13.217443,,1,3,28.343002,16.563911,,6,3,28.21633,18.864824,
03/05/24,2,1,27.804,27.276978,,5,3,28.060585,18.782204,,6,0,29.608587,17.414476,,2,1,32.227085,16.62249,,4,2,33.084167,14.84318,,8,3,33.189335,13.779114,,4,3,31.344332,11.879999,,8,3,30.608416,12.261158,,121,3,31.18675,17.31746,,112,3,31.626745,24.408424,
04/05/24,0,3,28.308167,31.394394,,7,3,28.723083,20.268991,,5,3,30.769,18.837322,,1,3,33.343746,18.899143,,17,3,34.248753,18.289274,,12,3,34.958076,18.391737,,9,3,34.002666,17.114204,,10,3,33.479244,14.917212,,1,3,32.97008,15.596767,,7,3,33.112164,17.811815,
05/05/24,0,1,29.004004,30.190672,,4,2,29.756418,24.079666,,7,3,31.616919,20.418695,,5,1,33.727085,24.149532,,8,3,34.83417,23.540806,,9,3,35.214336,21.767351,,9,3,34.508915,18.792551,,17,3,34.281334,19.914217,,11,3,34.76591,17.208603,,10,0,33.930912,19.881649,
06/05/24,1,1,28.466497,26.260265,,6,1,28.898085,20.456745,,11,0,30.243998,17.771753,,5,0,32.275,19.914215,,7,0,33.02375,19.386593,,4,0,33.524746,18.328207,,3,0,34.394333,10.829958,,27,0,34.348,19.813087,,16,0,33.918003,20.68356,,-1,1,33.710083,23.051247,
07/05/24,0,1,28.670668,27.193705,,4,1,29.175163,19.852295,,15,2,29.633585,20.316889,,10,0,31.777082,20.898613,,9,0,32.852917,21.9718,,15,0,33.912247,23.507751,,2,2,35.171417,15.696165,,4,2,35.4605,15.042659,,11,2,34.322163,30.351225,,3,2,33.868416,18.228943,
08/05/24,3,1,28.72692,34.139313,,8,1,29.356417,23.587555,,6,1,29.791918,20.140705,,0,0,31.435417,21.385939,,6,0,33.023754,23.224882,,13,1,34.520584,20.746122,,2,2,36.031834,13.217443,,5,2,35.923,23.977188,,17,53,32.517998,27.684914,,6,3,32.576748,20.431387,
09/05/24,1,1,28.854002,28.894344,,4,2,29.393915,20.188908,,12,1,29.893997,21.096123,,4,1,31.439585,18.971008,,5,1,33.055,20.00512,,11,1,34.35808,20.972897,,0,2,35.815166,20.316889,,4,3,36.23133,30.75209,,4,1,32.88675,20.674158,,5,1,32.260082,23.469128,
10/05/24,2,1,28.8165,25.872456,,10,1,29.310587,19.05281,,16,2,29.748167,16.548256,,6,1,31.049997,20.111729,,8,0,32.648746,18.58451,,13,0,34.470585,20.68356,,11,2,36.725582,20.393293,,14,2,36.068836,24.535526,,1,3,32.968002,20.620804,,-11,51,31.778831,20.907913,
11/05/24,0,1,28.839417,30.145567,,7,2,29.631414,23.47741,,12,2,30.323168,16.394829,,3,1,32.541668,18.03237,,12,1,34.17792,22.314194,,21,1,35.356,20.969805,,9,3,34.946415,15.021105,,12,3,34.57092,23.113008,,14,3,33.118,20.418695,,14,3,32.028828,18.35647,
12/05/24,0,3,29.183168,30.886656,,10,2,30.137667,23.424908,,15,3,30.49608,17.654686,,14,2,32.63333,14.168641,,16,55,33.78625,20.192118,,25,53,34.593502,20.870687,,16,3,35.29433,15.379206,,18,3,35.325085,16.520823,,8,3,32.778416,24.795612,,14,53,32.155914,16.055353,
13/05/24,2,3,29.233171,33.46451,,28,61,29.9835,20.523157,,38,61,31.310667,16.327497,,25,61,32.925,20.948164,,34,61,33.31125,13.979871,,36,63,33.214333,29.354904,,17,3,35.323498,32.427986,,21,3,34.779247,22.668568,,7,3,32.713833,19.022177,,10,3,32.464245,15.745627,
14/05/24,0,0,29.670664,30.563978,,6,0,31.0335,23.906818,,7,2,31.931498,18.532133,,1,3,34.05,19.734436,,2,3,34.72583,17.31746,,6,51,33.841415,24.569836,,5,3,34.481834,16.65754,,10,3,34.339664,19.296133,,0,3,33.267994,16.263872,,9,2,33.53925,20.972897,
15/05/24,1,1,29.606081,28.40124,,9,1,31.03766,19.681828,,21,1,32.26692,15.629971,,18,51,34.327084,19.721298,,17,2,35.46958,19.469976,,13,2,35.04559,23.576563,,0,2,35.446415,17.447933,,5,1,35.54175,14.830076,,8,0,34.155502,21.178896,,3,0,34.366337,18.472595,
16/05/24,0,3,29.781084,26.882141,,5,63,32.58975,19.134262,,7,51,33.621082,17.462784,,3,2,35.12083,15.683774,,7,2,35.70709,15.9134655,,0,51,35.443504,15.496736,,0,1,36.069332,10.805998,,4,2,36.064663,18,,5,0,34.820084,15.192682,,10,0,34.985085,19.373219,
17/05/24,0,3,29.910254,22.33161,,116,2,31.195997,17.81909,,126,2,31.783587,16.1198,,122,1,33.889587,19.35314,,122,1,35.223747,21.26744,,122,1,36.27475,15.124284,,100,1,37.248493,20.724247,,102,2,37.325085,14.20062,,83,3,36.24925,16.215992,,57,2,36.341335,18.03237,
18/05/24,1,0,29.85192,22.42427,,7,1,30.887665,18.806337,,6,1,32.333584,17.462782,,0,1,34.77708,22.45315,,1,3,36.234165,19.319628,,6,1,37.293503,15.141414,,26,2,37.669334,15.459054,,25,3,38.0605,15.696165,,1,1,37.257587,18.278645,,-3,1,37.543415,31.087412,
19/05/24,0,63,29.791502,27.757378,,8,63,30.720995,18.709612,,10,0,32.358578,17.902534,,5,1,34.770832,20.371038,,11,2,36.432083,24.905132,,9,3,38.110165,17.072504,,10,1,37.6485,16.039202,,13,3,37.697998,21.758419,,8,1,37.390915,22.932877,,9,3,37.26842,26.459387,
20/05/24,0,3,30.151915,27.887802,,5,3,31.22725,21.461555,,26,0,32.264835,19.469975,,20,0,34.522915,24.066206,,23,0,36.300827,22.159746,,18,2,38.14767,18.328207,,0,2,37.41516,16.135872,,10,3,37.902164,29.899511,,4,2,36.711754,23.4,,3,3,36.541336,23.34455,
21/05/24,0,3,30.251923,32.559605,,4,51,31.441832,21.605999,,9,3,32.866917,16.595179,,9,3,35.54375,21.767351,,16,3,36.894585,19.8,,17,1,37.82475,15.281989,,30,3,38.108917,16.595179,,33,3,38.34175,16.904673,,65,0,35.753418,14.291592,,93,0,35.205914,19.008547,
22/05/24,4,51,30.239418,25.20257,,12,51,31.081411,18.089775,,13,1,32.80233,16.946787,,8,3,35.662502,19.523155,,11,3,36.840416,20.730501,,8,1,37.88725,14.113652,,50,3,38.125584,25.223133,,65,2,38.78133,20.371038,,67,3,35.726334,21.889065,,50,51,35.537167,23.675303,
23/05/24,1,3,30.079002,35.031162,,11,3,30.710585,22.206486,,14,0,32.106503,23.090569,,14,1,34.283337,24.967497,,20,0,35.794582,27.086262,,13,2,37.347668,21.120682,,0,1,39.350582,24.821732,,10,3,38.23967,25.932495,,9,2,35.76383,23.469128,,10,1,35.91842,22.148046,
24/05/24,1,51,29.82067,24.119999,,11,51,30.768913,19.083395,,11,2,31.691916,25.20257,,10,1,34.149998,22.961115,,14,1,35.684166,23.4,,12,0,36.772663,20.140705,,2,3,38.721416,18.581022,,7,0,37.498,19.228851,,0,1,35.10966,16.394829,,10,0,35.699665,20.188908,
25/05/24,0,51,30.03942,24.881702,,12,51,30.846,20.275383,,15,3,31.016916,24.485292,,10,3,32.31875,25.992397,,19,3,34.12792,23.510508,,11,3,35.63725,19.373219,,2,1,38.583916,21.2522,,12,2,38.08133,23.14103,,1,1,36.590916,14.205182,,10,1,37.30592,21.868332,
26/05/24,2,51,30.28317,26.901417,,18,51,31.000166,20.833395,,17,3,31.016914,24.014996,,8,3,32.010418,26.183659,,15,3,33.6925,22.89611,,18,3,35.2435,20.08916,,0,3,40.086002,20.523157,,7,2,39.489666,21.767351,,0,0,37.630497,23.03156,,11,0,38.662167,24.696102,
27/05/24,1,3,30.226915,27.943514,,9,51,30.623083,22.027763,,9,51,30.958582,28.8,,8,3,31.918753,31.75355,,12,3,33.16125,28.162954,,6,3,34.078915,25.488914,,9,0,40.569324,28.312117,,14,0,39.435497,21.578989,,12,1,37.99925,23.770906,,6,1,38.072586,22.406927,
28/05/24,0,51,30.264418,28.036118,,12,53,30.889746,21.9718,,24,51,31.018997,29.363731,,11,3,31.679169,33.121956,,14,3,32.496662,30.7542,,15,3,33.449753,26.36616,,23,3,39.70683,30.96837,,23,1,39.814663,28.99062,,23,0,37.661747,17.414474,,9,0,37.451756,17.174677,
29/05/24,104,3,30.59567,27.055143,,122,51,31.364752,24.162947,,128,3,31.262749,31.76375,,117,3,31.679169,34.92,,120,3,32.286247,32.862694,,126,3,32.96642,28.99062,,105,2,38.354748,22.45315,,108,3,38.837585,21.096123,,86,3,38.513836,17.015474,,76,3,39.543415,21.758419,
30/05/24,0,51,30.243582,21.542923,,6,51,31.195997,19.13426,,9,1,31.281496,25.762016,,2,3,31.910414,29.810522,,5,3,32.57375,27.238941,,6,3,33.39142,24.363249,,0,3,37.665165,28.162954,,20,3,37.827168,18.94024,,6,3,38.613834,21.273533,,14,1,38.658005,25.233406,
31/05/24,1,55,29.67483,23.78453,,14,51,30.491835,19.813087,,18,51,30.848166,21.434364,,21,3,31.972921,27.871534,,24,1,32.86542,25.364037,,17,1,33.635166,21.986542,,13,3,38.18808,23.906818,,24,1,38.293835,19.44,,15,2,37.790913,23.185787,,13,1,37.745502,21.986542,
01/06/24,0,3,30.158167,21.897945,,7,51,30.737661,17.373497,,11,3,30.775248,19.008545,,11,3,31.835419,25.63847,,15,3,32.89042,24.192429,,14,1,33.624752,22.322903,,18,1,37.448505,19.191748,,32,2,37.70216,19.829433,,13,51,38.322163,29.620802,,3,3,37.699665,26.089447,
02/06/24,2,51,30.287333,20.774214,,10,51,31.03975,16.923828,,15,3,31.194,17.673029,,5,3,32.233334,20.929594,,10,51,33.194584,19.586119,,8,3,33.87684,20.12461,,12,3,35.529747,26.28986,,18,61,33.8855,29.749592,,22,3,35.976334,19.008547,,13,3,36.347588,19.469976,
03/06/24,0,3,30.676918,19.453327,,21,51,31.30433,15.978486,,26,3,31.300253,17.447933,,14,3,32.36666,22.183128,,13,3,33.55292,23.051247,,20,3,34.626835,21.897945,,21,3,37.82558,21.734581,,26,3,36.87508,14.471821,,14,1,36.795086,16.42247,,9,2,36.93925,17.974781,
04/06/24,144,61,28.954,20.969805,,161,61,29.729334,16.575644,,183,51,31.304419,20.12461,,171,3,32.60625,23.419376,,173,3,33.561253,23.617756,,168,3,34.724747,22.180206,,168,2,38.548504,23.795427,,169,2,38.156334,16.904673,,171,1,36.824253,20.633371,,151,1,37.218422,22.380884,
05/06/24,0,53,29.02691,21.67487,,1,53,29.49808,16.489416,,15,51,31.114832,20.380579,,9,3,32.664585,23.78453,,7,3,33.782085,20.08916,,10,3,34.758083,21.566973,,52,1,37.604748,16.199999,,58,1,37.18133,18.751125,,45,1,36.9555,22.45315,,16,2,36.697586,28.483257,
06/06/24,2,55,28.972754,21.218632,,6,51,29.70017,18.359999,,2,55,30.783579,18.171976,,1,3,32.85208,19.376562,,4,3,33.992496,19.64228,,3,3,35.085167,19.61587,,0,1,36.929745,13.104198,,9,1,36.237583,13.104198,,18,0,35.165913,16.311613,,51,1,34.766335,19.809813,
07/06/24,0,63,29.656084,22.565422,,8,51,30.216833,18.720001,,7,61,30.916924,20.592503,,0,61,32.78333,21.67786,,2,61,33.944584,22.159746,,5,51,35.135166,21.175837,,9,3,37.404747,18.584509,,16,3,36.147995,13.584932,,1,2,36.0555,17.974781,,2,2,35.474663,26.064596,
08/06/24,0,55,29.51233,29.5551,,11,63,29.835585,17.902534,,11,63,28.583578,19.05281,,21,63,30.460417,18,,21,63,31.20083,18.043148,,24,63,32.910164,15.580141,,23,51,34.625584,43.135452,,24,3,35.433414,18.626305,,14,1,36.051334,24.344624,,5,3,34.86009,25.537172,
09/06/24,0,65,28.743584,25.6233,,4,65,28.32308,14.799459,,24,53,30.127337,20.523157,,15,61,31.583334,24.29133,,16,51,33.090416,23.023117,,31,53,33.147663,27.691935,,56,3,37.036,17.992796,,65,3,36.518833,13.608762,,45,1,36.055496,19.376562,,36,0,35.203835,19.373219,
10/06/24,0,63,27.812332,16.45007,,10,63,27.191835,12.303366,,8,51,29.696081,19.373219,,0,3,31.454168,22.218153,,0,3,32.452915,22.89611,,3,3,33.458088,15.256526,,5,3,35.883915,18.532133,,20,3,36.600082,15.978486,,12,3,37.432575,22.771244,,14,3,36.45383,21.862406,
11/06/24,1,63,28.21025,21.24305,,16,63,28.023087,16.171976,,19,51,30.779413,21.710716,,7,3,31.989578,23.977188,,7,51,33.065422,25.455843,,11,51,34.03308,23.166218,,0,3,34.519333,19.008545,,9,3,35.704247,25.364037,,5,3,36.834667,14.471821,,4,1,36.055912,18.888851,
12/06/24,2,63,28.11233,23.441502,,5,63,27.731417,15.546833,,17,53,29.971083,21.638964,,5,3,31.739584,24.774696,,0,3,32.400833,23.042812,,10,51,33.441418,22.206486,,1,3,34.698494,18.089775,,9,3,35.535496,18.556595,,2,3,38.29925,18.671474,,9,0,37.083,17.447933,
13/06/24,1,63,27.678999,24.514387,,6,63,27.496,17.49615,,3,61,29.054419,22.26768,,7,53,30.556246,23.770906,,2,1,32.294586,21.933426,,3,1,33.3435,20.3774,,6,51,35.215164,19.66536,,11,51,35.19592,18.94024,,14,3,38.92425,25.842384,,13,1,38.33717,28.696312,
14/06/24,1,63,27.433167,25.992401,,10,63,27.262665,19.008545,,9,51,29.275248,23.928492,,20,61,30.420832,26.161375,,17,3,31.798754,24.627789,,26,1,32.935165,21.203358,,7,1,35.869328,19.416653,,11,2,35.727165,20.056877,,0,3,36.922165,23.34455,,13,3,37.51633,30.96837,
15/06/24,0,53,27.791498,27.757376,,7,51,27.956415,20.140705,,4,51,29.60858,24.066206,,8,53,30.570837,23.199759,,11,51,31.725838,21.9718,,20,1,33.126835,19.734436,,6,3,36.61516,22.682856,,21,1,37.08759,19.914217,,14,1,37.988834,20.456745,,11,0,37.853836,28.03612,
16/06/24,2,53,28.641497,19.164719,,11,51,28.77933,15.463246,,5,51,30.06275,19.576189,,14,51,31.32917,21.38897,,13,51,32.415417,21.38897,,9,2,33.439335,19.681828,,1,3,37.073505,16.75064,,1,3,37.627167,19.211996,,6,1,39.045082,21.868332,,14,1,38.79134,25.683926,
17/06/24,1,63,28.293581,26.161375,,0,63,28.316833,18.864824,,3,51,30.04817,20.633371,,4,61,31.360415,20.972897,,2,53,32.375835,21.38897,,1,51,33.414333,21.470612,,1,3,37.58183,23.000591,,7,3,38.20634,20.082708,,3,3,39.39092,25.9225,,13,1,39.18509,26.717722,
18/06/24,3,65,27.916498,32.343952,,13,63,27.448088,19.562946,,13,61,28.639832,23.47741,,15,63,29.6875,25.582806,,17,61,31.009169,25.233404,,15,53,32.249752,23.708124,,1,3,36.154755,23.188583,,1,3,37.023,22.7057,,1,3,39.380497,25.582806,,14,1,39.091343,30.599998,
19/06/24,2,65,28.266497,30.173496,,5,63,27.393913,20.61766,,4,61,28.341917,28.266304,,1,63,29.339584,29.03752,,0,53,30.957085,29.914679,,5,53,31.966417,25.537172,,7,51,35.52558,22.86496,,14,51,36.547997,20.018072,,6,3,37.557583,25.562534,,12,53,36.32675,32.809414,
20/06/24,2,65,28.24775,35.008957,,7,63,27.450167,18.504139,,2,53,28.227335,27.059933,,4,53,29.393753,30.532158,,3,51,30.7175,30.811037,,10,51,31.98725,26.882141,,0,55,32.227665,18.043148,,7,63,32.358418,19.35314,,0,51,33.565914,25.60053,,2,63,33.366337,25.982424,
21/06/24,1,63,27.891497,28.017622,,0,61,27.810583,22.226902,,5,55,28.829416,25.570139,,6,53,30.341665,27.757376,,10,51,31.582083,26.959166,,10,51,32.776836,23.185787,,13,65,31.567247,23.950148,,21,61,31.727167,21.924562,,13,63,32.420086,21.38897,,14,63,32.31009,19.881649,
22/06/24,0,53,27.82067,26.758923,,17,53,27.71475,16.981165,,15,51,28.912752,21.650938,,6,51,30.416664,22.828087,,6,51,32.388332,21.479664,,6,51,33.6935,19.171478,,4,51,34.556835,13.441071,,4,3,33.639668,14.118243,,0,61,33.66383,14.480773,,-9,3,33.92259,10.931203,
23/06/24,1,63,28.029001,25.277023,,5,63,27.727251,15.281989,,7,55,28.316916,16.981165,,3,63,29.677084,18.514643,,2,63,30.180002,19.011953,,1,63,32.291416,21.647945,,0,3,34.30475,14.081477,,2,3,33.71258,16.489416,,7,53,33.320084,13.207634,,2,61,34.468414,15.856356,
24/06/24,2,61,28.135254,23.110207,,5,63,27.821,15.1884165,,25,63,28.048166,15.408671,,20,61,29.022917,13.493999,,20,61,29.471666,14.241629,,15,65,31.101835,15.158522,,7,63,31.946419,16.323528,,9,63,30.893831,16.454008,,19,65,31.363836,10.948973,,14,61,33.607998,15.281989,
25/06/24,1,61,28.658167,46.938255,,6,63,28.268915,29.539747,,9,61,29.296082,16.516901,,2,53,29.883337,16.831684,,1,63,30.065416,13.849476,,11,63,30.020584,13.53236,,1,63,32.242245,14.372974,,1,63,31.69175,14.05845,,0,63,30.874247,10.365251,,-9,63,32.93508,14.05845,
26/06/24,1,63,28.731085,43.027153,,4,63,28.09183,30.319178,,5,53,29.2565,26.867676,,2,61,29.835417,22.33161,,1,51,31.344582,18.733839,,3,63,31.781,12.413476,,0,63,31.319328,13.783817,,1,65,30.864664,11.384199,,11,65,31.095083,14.561099,,-1,65,30.543419,18.692286,
27/06/24,1,65,28.026917,42.846046,,5,65,27.23767,28.856194,,8,61,28.148163,27.74103,,5,63,28.714584,26.983194,,4,51,29.575838,24.119999,,2,61,30.372665,19.652176,,2,63,31.09433,19.134262,,3,63,30.010498,15.893093,,7,63,28.942999,15.856356,,238,63,28.1705,16.78156,
28/06/24,1,63,27.93942,43.118923,,12,63,27.112665,28.337282,,19,63,26.960669,26.405453,,15,63,27.393751,28.348713,,14,65,27.825838,28.337282,,12,65,27.960169,21.599998,,26,61,29.992249,12.758432,,25,63,29.797998,10.30883,,18,63,28.282583,13.202726,,3,63,27.768417,10.691453,
29/06/24,1,61,28.218584,36.50052,,12,63,27.67933,26.729847,,18,61,27.744001,32.33193,,11,63,27.410418,26.729847,,11,61,27.79875,29.49804,,14,61,28.045584,25.842384,,13,63,29.569334,19.862083,,17,63,28.912582,18.998316,,6,65,29.178415,13.18308,,10,65,29.601748,11.043261,
30/06/24,3,63,28.566504,48.75043,,4,65,27.77517,28.766228,,18,63,27.429413,28.954834,,12,63,27.379166,30.466295,,16,65,27.159172,26.208397,,11,65,27.049753,24.192429,,16,63,29.121414,19.35314,,15,63,28.877169,15.459054,,12,63,30.01383,14.264361,,11,63,30.380919,12.496719,
01/07/24,1,61,28.966505,50.938408,,6,63,28.318918,35.965782,,11,65,27.491919,35.031162,,5,63,27.275002,34.358788,,4,63,27.017502,27.598173,,0,63,26.833084,29.795301,,9,61,30.060999,18.504139,,11,51,30.443832,19.914215,,0,63,30.128418,14.869351,,11,63,30.403831,12.783802,
02/07/24,1,53,29.101915,49.03538,,13,65,28.775167,30.10685,,15,63,28.646086,32.978832,,9,63,28.706253,34.275703,,10,65,28.58417,32.839027,,8,63,27.943504,27.80403,,14,51,29.711,20.65848,,16,3,30.689669,20.592503,,1,63,29.563833,17.377226,,10,61,29.02675,16.323528,
03/07/24,1,63,29.051918,41.89942,,10,63,28.333502,30.173496,,9,61,27.960669,30.551254,,3,61,28.299997,30.928587,,2,53,28.625834,27.859905,,21,63,29.133081,22.539564,,0,63,30.519331,15.876775,,4,63,30.447996,17.651016,,6,63,29.670082,16.039202,,13,53,29.22883,11.792404,
04/07/24,1,55,28.22275,34.57687,,9,55,27.716835,23.090569,,11,55,27.814833,23.185787,,6,53,28.4,24.703974,,4,61,28.586252,18.844202,,4,61,28.88725,19.228851,,0,63,28.738083,18.847641,,7,65,27.829247,12.661564,,4,61,27.078417,9.114471,,8,61,28.245499,11.212135,
05/07/24,0,61,27.864418,39.640884,,11,63,27.473083,25.277023,,17,61,27.077332,23.838959,,7,61,27.568748,24.216522,,9,63,27.51959,19.652176,,16,63,27.43725,17.87718,,0,65,26.406836,15.141414,,9,63,26.283415,16.279802,,12,65,28.705496,10.805999,,12,61,27.678833,13.679999,
06/07/24,1,63,28.412336,39.254856,,7,55,27.812668,27.691935,,15,65,27.37525,24.985659,,11,61,28.493746,29.964457,,10,51,29.01959,26.009844,,5,63,29.020578,18.584509,,0,61,29.035997,17.163355,,9,63,26.723,16.595179,,0,61,28.565916,13.479583,,4,51,28.512163,15.646544,
07/07/24,0,61,28.003996,34.936695,,4,55,27.404335,22.608458,,7,55,27.991913,24.344624,,2,53,28.835413,27.757378,,1,53,29.313334,20.808498,,8,51,29.695581,18.892282,,11,61,29.231829,16.039202,,16,63,28.575087,13.556282,,10,51,29.04925,15.1884165,,5,51,28.66217,15.629971,
08/07/24,0,63,27.229002,21.129883,,15,63,26.704336,14.77755,,15,61,27.579414,15.84409,,11,51,28.693748,16.055355,,9,51,29.086248,15.379206,,2,55,29.083078,13.1041975,,1,61,29.390165,8.209263,,17,63,28.17925,11.659777,,4,63,29.117998,11.183201,,8,51,29.282999,11.966954,
09/07/24,0,65,27.056084,35.364388,,8,65,26.208498,19.08,,12,63,27.227331,21.203358,,3,61,28.02292,20.380579,,4,63,28.107084,21.518847,,6,63,28.391418,17.771753,,4,63,30.077665,9.83268,,9,65,30.037584,9.72,,0,63,30.220083,13.363711,,1,63,30.047585,9.449572,
10/07/24,0,63,27.133165,32.55363,,6,63,26.704332,20.65848,,7,63,27.498167,23.424908,,1,61,28.177086,24.014996,,3,55,28.648758,22.104116,,0,63,29.135162,19.083395,,10,55,30.213081,15.2947035,,14,61,30.493834,13.779114,,0,51,30.915915,14.764389,,0,61,30.326754,12.984975,
11/07/24,2,65,27.345667,30.926493,,7,65,26.525164,22.657131,,11,63,26.271082,24.567198,,5,63,27.241667,24.795612,,5,63,28.223753,21.650938,,10,63,28.864334,17.555307,,0,51,30.696417,20.945072,,8,53,31.108416,21.749483,,1,53,31.053415,19.930477,,2,55,31.139252,25.140787,
12/07/24,0,65,27.020668,34.07091,,6,65,26.046,25.189713,,12,63,26.491915,22.493519,,5,61,27.235415,25.264202,,4,63,27.8675,22.26477,,9,63,28.358084,18.723461,,7,61,28.427664,15.141414,,17,65,28.227165,15.629971,,4,63,30.42216,14.529915,,0,51,30.347586,23.34455,
13/07/24,1,65,26.835249,42.444897,,14,63,26.000168,27.834309,,18,65,26.458582,24.216522,,23,61,27.19792,24.627789,,26,63,27.692503,21.915691,,37,63,27.964334,17.31746,,18,63,28.856829,22.86496,,21,53,29.137583,13.708391,,9,3,30.522165,11.792404,,-7,65,30.008001,9.826088,
14/07/24,2,65,26.291498,38.519997,,0,65,25.796005,21.575987,,13,63,27.008585,20.073025,,5,61,27.299997,20.808498,,0,55,27.77375,15.077082,,11,51,28.520584,15.986593,,15,51,29.96308,15.459054,,21,3,30.572998,12.181624,,13,61,30.788834,11.525623,,10,51,31.124666,18.723461,
15/07/24,1,63,26.920668,24.192429,,12,61,26.677254,15.937878,,13,61,27.214834,16.575644,,1,63,27.370832,13.53236,,0,65,27.186255,11.753877,,9,63,27.503922,10.948973,,4,63,30.196413,12.218805,,8,61,30.360502,15.9134655,,19,65,29.640915,15.408671,,8,65,29.997581,13.276144,
16/07/24,1,63,27.185251,32.44996,,0,63,26.591835,19.61587,,8,63,27.029413,21.142147,,1,61,27.729166,20.620804,,0,63,28.025835,16.923828,,2,61,28.44766,16.610792,,5,63,29.26725,12.224107,,9,51,30.975082,14.05845,,8,51,31.476332,15.137133,,0,63,31.193419,15.0038395,
17/07/24,0,63,27.264418,34.387066,,14,63,26.631416,23.166218,,16,53,27.379416,23.233252,,12,53,28.072922,23.979893,,7,51,28.513336,20.991426,,7,51,28.783087,18.278645,,4,63,29.736,14.986553,,8,63,30.677162,12.4811535,,17,51,31.30758,15.725037,,2,61,31.268415,13.53236,
18/07/24,2,63,27.143585,39.31259,,7,65,26.446,26.474075,,7,63,27.164831,28.551426,,6,63,27.558334,30.344818,,2,63,27.857084,27.971327,,3,55,28.520586,25.20257,,0,65,29.338083,7.342588,,4,63,29.850082,10.823973,,7,63,30.759665,10.97262,,5,55,31.016335,9.511088,
19/07/24,0,63,27.212336,39.79262,,0,65,26.510584,27.059933,,21,63,26.735666,30.652895,,39,61,27.572922,29.28418,,44,53,27.898756,25.501621,,41,53,27.778915,18.806337,,19,63,28.948503,11.435313,,21,61,29.081331,12.904882,,17,53,30.04508,15.315873,,5,51,30.380915,10.464797,
20/07/24,2,65,27.145668,40.93249,,0,65,26.393915,28.257132,,19,61,27.014833,33.353954,,10,63,27.56458,32.359974,,9,51,28.225832,27.219902,,12,53,28.4935,23.664352,,6,63,29.246416,6.830519,,10,63,29.579248,10.739833,,9,61,31.070082,11.808878,,-2,51,31.249666,11.246759,
21/07/24,1,65,27.287336,41.216457,,10,63,26.408499,27.532352,,15,65,27.077333,24.162947,,6,63,27.410416,21.638964,,28,63,27.723753,19.406637,,31,63,27.953917,17.10284,,4,63,30.215162,13.004922,,2,53,30.762579,10.08,,18,53,31.45758,12.904882,,7,63,31.083002,15.937878,
22/07/24,2,63,27.262331,48.73315,,6,63,26.3835,30.993471,,10,65,26.57525,28.673721,,5,63,26.729164,26.729847,,3,63,26.771667,24.522314,,6,63,27.185165,19.881649,,0,63,30.052666,14.003029,,10,65,30.179253,10.829959,,3,53,31.07842,11.252519,,-2,51,30.891333,11.709688,
23/07/24,1,63,27.020666,45.435646,,10,63,26.216833,31.76375,,11,63,26.496084,30.10685,,8,65,26.785418,30.699368,,15,63,27.177916,27.0024,,14,65,27.520586,21.479664,,4,63,28.633917,16.58346,,7,65,29.21675,14.440443,,0,63,30.488836,9.565437,,1,63,30.224669,12.015589,
24/07/24,3,63,27.081083,51.08703,,13,63,26.370996,33.24888,,14,63,26.377333,32.039997,,4,63,26.53333,27.553524,,43,63,26.842499,23.042812,,77,63,26.487251,20.12461,,51,61,28.529747,12.88981,,56,65,28.002172,12.819235,,50,65,29.765913,13.009903,,32,63,29.351751,8.427383,
25/07/24,2,65,27.314413,48.433044,,6,65,26.489752,33.574707,,15,63,26.469,30.684587,,9,61,26.818748,34.20568,,11,61,26.98208,27,,11,61,27.114334,24.472057,,1,63,27.721413,15.517629,,6,63,28.17925,17.727943,,11,63,29.701334,13.18308,,11,53,30.595497,12.904882,
26/07/24,1,63,27.616503,41.688557,,6,63,27.146002,28.467329,,9,55,27.494001,30.599998,,0,53,28.095833,29.337238,,12,53,28.419584,26.596178,,27,53,28.291418,22.007162,,15,63,28.244333,17.673029,,14,65,28.139666,15.021105,,3,63,29.399252,11.542478,,15,63,29.94133,10.948973,
27/07/24,1,61,27.595665,42.316463,,11,53,27.14808,28.988384,,24,61,26.898169,28.241077,,10,55,27.268747,27.345785,,9,63,27.315416,20.393293,,9,61,27.091417,18.556595,,10,63,28.013083,14.20062,,15,63,28.914663,17.283749,,5,65,29.503418,14.007655,,2,61,30.458,18,
28/07/24,7,61,27.481085,39.442596,,13,63,26.7585,26.6327,,13,61,27.160666,26.901417,,3,63,27.652082,21.626984,,4,63,27.925829,20.5484,,5,65,27.343498,15.856356,,19,61,29.027666,14.291592,,19,65,29.843834,17.072504,,11,63,30.88883,16.23596,,1,63,31.34133,14.587776,
29/07/24,0,63,27.006083,38.141315,,5,63,26.421,23.966375,,7,61,26.814835,26.368616,,7,65,26.43125,23.904108,,7,65,26.546667,23.933908,,7,65,26.710169,23.333443,,5,51,29.810999,19.110542,,9,51,30.72925,17.771753,,12,51,31.311752,17.114204,,4,51,31.822584,15.379206,
30/07/24,2,63,27.064417,33.53415,,20,63,26.629332,22.870626,,22,63,27.154413,24.72495,,23,53,27.741667,25.72174,,21,51,28.223753,24.967497,,18,63,28.12892,19.881649,,9,51,29.008913,14.904173,,15,51,29.910501,13.830749,,6,61,31.122162,16.454008,,-6,51,32.449665,13.237038,
31/07/24,0,63,27.291498,37.37244,,12,63,26.898085,21.09305,,15,63,27.279417,22.862123,,3,51,28.099998,27.103003,,0,55,28.459167,24.458813,,7,51,28.503914,19.008545,,7,63,29.263083,19.272614,,9,63,29.131334,13.324863,,19,65,29.961748,13.32,,13,65,30.347582,19.134262,
01/08/24,1,61,27.312332,39.18712,,7,61,27.025164,26.944744,,11,63,27.041916,27.943514,,5,63,27.472916,30.676142,,2,63,27.517508,25.068514,,8,63,27.245584,20.972897,,9,61,26.78183,13.679999,,12,61,26.406334,14.934577,,1,63,27.149252,12.074766,,6,61,28.06217,11.4862,
02/08/24,1,61,26.90817,44.453804,,12,65,26.529333,29.387999,,14,63,26.675247,30.25928,,7,63,27.016665,29.337238,,11,65,26.942497,24.363249,,15,61,26.620583,21.385939,,11,65,26.833914,18.692286,,18,63,27.40425,14.973577,,8,63,28.697168,12.24,,4,53,28.582998,16.923828,
03/08/24,1,63,27.095667,45.741253,,7,63,26.291834,30.599998,,11,63,26.458586,29.268686,,4,65,26.799997,31.367548,,21,63,26.696669,24.850431,,21,63,26.651833,21.650938,,43,51,28.013083,15.7908325,,46,51,28.279251,13.044722,,35,61,28.813833,13.708391,,18,53,29.170502,20.3774,
04/08/24,1,63,27.110252,42.724888,,5,63,26.42933,26.807312,,10,63,26.4565,25.076267,,3,61,26.754164,25.812277,,11,63,26.944582,22.565422,,8,63,26.797668,21.2522,,14,65,26.375586,26.727423,,19,65,27.556335,24.066206,,9,51,29.045084,28.594517,,20,51,29.835083,26.987997,
05/08/24,0,53,27.299833,33.90313,,5,53,27.006418,24.162947,,12,63,26.998169,27.438046,,3,53,27.304169,28.732422,,1,55,27.302917,27.155552,,9,55,26.995584,23.1774,,0,65,27.69017,27.887802,,0,63,27.604254,31.542658,,0,53,28.893,27.645092,,-7,51,29.17467,28.802248,
06/08/24,1,53,27.304003,28.876396,,6,53,27.018919,21.980644,,10,53,27.177336,25.35637,,6,53,27.416666,28.51282,,3,53,27.573751,26.867676,,0,53,27.583082,21.980644,,0,63,27.552668,19.969458,,6,61,27.587584,20.948164,,2,51,28.63675,15.7908325,,1,51,28.962168,14.917212,
07/08/24,1,55,27.183167,26.758923,,6,53,26.927252,21.077686,,11,53,26.981499,22.870626,,5,51,27.518753,24.387178,,2,51,27.759161,22.493519,,5,51,27.970583,18.782204,,0,61,28.096418,16.394829,,11,63,27.393831,16.516901,,1,61,27.370085,12.783802,,-1,63,27.230917,11.879999,
08/08/24,1,53,27.114416,25.952478,,5,53,26.723085,18.584509,,9,61,26.50442,20.592503,,8,53,27.25625,23.333443,,8,51,27.596666,20.018072,,13,61,27.480997,16.92383,,14,53,26.819334,12.6462,,18,55,26.289667,15.815435,,7,63,27.482584,14.48972,,0,63,27.689249,11.592895,
09/08/24,1,63,26.976915,26.124195,,8,63,26.296003,17.581125,,9,61,26.38775,20.63023,,7,53,27.229166,24.569836,,11,55,27.486252,17.873556,,10,61,26.964334,15.315873,,9,61,27.169334,13.276144,,12,55,27.154251,12.144331,,8,53,27.52008,17.377226,,-6,63,27.730919,11.726277,
10/08/24,3,53,27.231085,25.942488,,8,55,26.812668,19.70815,,24,53,27.089834,23.510508,,14,55,27.210417,26.42753,,11,63,27.177917,22.728518,,17,65,26.58933,22.930048,,6,63,27.265165,18.218275,,13,63,27.002167,13.363711,,6,63,27.301336,14.707222,,11,63,27.843416,9.220499,
11/08/24,0,53,27.36025,27.067116,,3,51,27.12725,21.068459,,8,61,26.619001,25.992397,,1,53,27.252085,28.296091,,2,61,27.044588,21.142147,,9,53,26.537247,18.837322,,1,63,26.583918,13.276144,,10,63,25.697998,13.32,,19,63,26.884665,10.1887,,8,63,27.445501,11.792404,
12/08/24,2,53,27.483168,26.6327,,9,53,26.95225,21.749481,,15,63,26.883585,23.675304,,11,61,27.268747,27.579382,,10,63,27.334167,20.26899,,13,63,26.997667,15.986593,,1,61,26.467247,10.799999,,4,65,25.283419,14.332341,,10,63,26.761751,11.367109,,11,63,26.683,11.525623,
13/08/24,0,51,27.283167,20.523155,,7,53,27.01475,17.015474,,8,53,27.096083,18.193361,,1,53,27.366663,19.373219,,5,51,27.67375,18.844202,,16,51,27.456,13.608762,,2,63,27.71308,10.483357,,2,61,26.656328,15.745627,,0,61,27.820084,11.753877,,-9,63,27.539246,15.137133,
14/08/24,4,51,27.401917,21.129885,,14,51,27.121,17.026896,,16,51,27.114832,18.25026,,5,55,27.497917,18.374111,,3,53,27.925837,17.49615,,0,51,27.92058,15.9134655,,4,65,27.152664,11.792404,,13,61,27.433418,15.39184,,1,63,28.39092,11.212135,,7,61,28.120497,11.570515,
15/08/24,1,51,27.674833,22.104116,,6,51,27.300169,17.057314,,11,55,27.183584,18.25026,,5,51,27.69792,19.272614,,3,53,27.902916,18.709612,,9,61,27.780998,14.007655,,4,65,26.990166,14.689589,,4,63,26.814665,14.512064,,14,63,28.051332,8.759178,,34,61,28.432999,13.661038,
16/08/24,1,51,27.656082,20.240196,,10,51,27.30017,16.203999,,14,51,27.441917,18.919704,,6,55,27.729172,20.570463,,9,51,28.08625,20.592503,,7,51,28.005997,20.08916,,12,63,26.819334,13.138765,,11,63,26.718832,15.827721,,1,63,28.597168,13.5515,,-7,63,28.041338,15.192682,
17/08/24,1,51,27.870667,18.161278,,0,51,27.466835,12.758432,,10,51,27.566917,13.849477,,10,51,27.758331,16.299694,,12,51,28.261251,16.199999,,20,51,28.301834,14.512064,,10,51,28.408918,11.384198,,19,51,28.495916,11.200571,,8,53,28.82633,12.245294,,0,63,28.641329,10.440001,
18/08/24,1,63,28.006086,18.289274,,5,61,27.787668,13.896187,,8,51,27.896086,13.979871,,7,51,28.297918,13.363711,,8,51,28.777918,14.759999,,7,51,28.64975,11.384199,,0,51,28.89225,11.183201,,4,51,29.168833,9.83268,,10,63,28.984665,10.495713,,9,61,29.187164,16.394829,
19/08/24,0,63,27.281082,22.565422,,7,61,27.150167,15.856354,,17,53,28.39192,11.440978,,8,61,28.697914,12.864649,,6,61,29.175833,11.480557,,1,51,29.472666,11.457958,,0,61,28.440165,10.028439,,5,51,28.725082,12.783802,,9,63,28.263832,17.786331,,11,51,28.991333,15.273505,
20/08/24,0,63,26.856081,17.610588,,5,65,26.258501,13.479583,,8,63,28.039833,11.165805,,0,63,28.014582,9.178235,,7,63,28.048752,12.096214,,12,63,28.289331,9.826088,,13,51,29.07975,9.686609,,18,53,28.937582,9.83268,,2,65,27.580496,10.630672,,-8,63,27.928835,10.661107,
21/08/24,1,51,28.089417,23.686249,,9,51,27.706415,17.826363,,10,63,27.518997,13.104198,,6,65,27.75,12.261157,,7,63,28.059166,11.177405,,17,65,27.374756,9.531505,,18,61,28.315165,7.6367526,,21,51,28.608416,7.5599995,,17,61,28.553415,6.0347,,16,61,28.264252,7.42159,
22/08/24,0,53,28.001917,26.309572,,4,61,27.837664,14.81259,,6,53,27.869001,13.138765,,5,63,27.929167,13.363711,,4,63,28.286253,14.04,,9,65,28.130999,10.514218,,0,65,27.075583,12.88981,,2,65,27.498,7.754637,,0,51,28.582586,9,,-5,53,28.449669,10.805998,
23/08/24,0,63,27.374838,26.882141,,5,63,27.05433,15.2947035,,9,63,27.04608,14.003029,,7,63,26.954163,12.287555,,6,65,27.082085,13.049689,,9,63,26.77475,10.195057,,14,63,26.956833,11.631956,,33,53,28.295916,10.799999,,15,61,28.234665,14.565548,,4,63,27.297579,10.144082,
24/08/24,0,63,26.810251,38.45939,,6,63,25.821,21.26744,,15,63,25.962751,24.57511,,8,63,25.635416,26.564486,,9,65,25.834167,23.893261,,10,63,25.499748,14.480773,,40,63,26.875582,18.837322,,46,65,27.139666,17.873556,,24,65,28.007584,19.255793,,9,65,28.339249,17.533146,
25/08/24,1,63,27.306084,43.631348,,9,63,26.506416,28.71437,,13,63,25.862747,33.033802,,9,65,25.589586,27.595825,,11,65,25.634169,27.155552,,17,65,25.851831,24.014996,,10,63,25.929749,21.897945,,15,63,26.481333,22.461807,,0,53,28.555502,24.863468,,7,51,29.110085,21.707731,
26/08/24,0,63,26.956083,43.118923,,8,63,26.050163,27.943514,,10,63,26.164833,31.749468,,4,65,25.995834,31.062386,,2,65,25.596666,32.682762,,35,65,25.193502,38.723015,,141,53,26.596413,24.522314,,144,63,26.650084,19.513195,,132,61,27.757582,20.523157,,114,61,27.837166,22.608458,
27/08/24,0,61,27.047752,44.04523,,14,61,26.333504,30.7542,,14,53,26.68775,36.152676,,3,55,26.752083,37.614403,,7,61,26.41125,33.847656,,60,61,26.201834,37.834267,,96,51,27.054749,20.188908,,99,55,27.345911,16.595179,,86,55,27.17633,21.889065,,111,63,27.253832,23.540806,
28/08/24,0,63,27.724833,45.572357,,3,61,27.054335,32.44996,,13,65,26.414831,33.933697,,2,65,26.593752,34.897724,,0,65,26.625837,37.1969,,1,63,26.495584,29.853966,,8,51,27.494337,15.941944,,10,3,27.672998,15.124284,,5,61,27.113829,12.218805,,10,65,27.060081,16.704155,
29/08/24,1,61,27.593582,36.95396,,8,55,27.216837,27.748037,,70,61,26.17317,27.666182,,70,63,26.706247,30.007679,,70,63,26.792501,29.46947,,82,61,26.839333,32.35997,,63,51,27.456835,16.263872,,66,51,27.65425,17.283749,,49,51,28.247164,9.1641035,,65,63,27.2455,16.704155,
30/08/24,0,53,27.318583,26.61323,,12,53,27.020998,20.018072,,13,51,26.816916,22.45315,,1,51,26.99375,25.212852,,0,51,27.217499,22.828087,,0,51,27.195587,20.767975,,0,63,27.927666,6.4096174,,3,65,27.106329,11.681987,,6,51,28.582582,11.177405,,4,63,27.782999,9.826088,
31/08/24,0,53,27.395666,17.826363,,16,51,26.902246,13.708391,,16,51,27.014837,14.277983,,4,51,27.164583,15.408671,,3,51,27.488335,14.707222,,8,51,27.653915,10.483357,,8,63,27.502668,11.367109,,7,63,27.893831,8.669949,,0,51,29.249247,10.685391,,10,3,29.422585,13.276144,
01/09/24,0,53,27.328997,24.20314,,8,53,26.885584,14.458382,,10,51,27.441916,15.905319,,0,51,27.808334,14.917212,,14,51,28.155006,14.039999,,10,61,28.272669,13.004921,,12,65,27.777664,11.726277,,22,63,28.302164,12.9249525,,6,51,29.772165,13.1041975,,15,53,29.666334,14.113652,
02/09/24,0,63,26.981081,30.96837,,14,63,26.008501,19.296133,,9,63,26.583582,20.774214,,0,65,26.489584,16.641972,,8,65,26.575834,20.858265,,13,65,26.78308,18.289274,,0,63,27.011002,13.584932,,4,51,28.025084,13.551501,,14,51,28.865915,14.264361,,13,63,28.130919,14.007655,
03/09/24,0,63,26.762337,24.522316,,12,63,26.0335,16.58346,,14,53,26.671082,17.106628,,5,61,27.21875,16.343367,,13,61,27.100836,17.673029,,12,63,26.581001,17.727943,,4,65,27.119333,8.557102,,8,65,28.016748,12.371645,,0,65,28.403412,12.959999,,0,65,27.135078,12.864649,
04/09/24,1,61,26.901915,26.554728,,7,63,26.508501,20.431387,,8,61,26.958582,23.540806,,8,53,27.481245,23.667091,,13,63,27.157084,21.566973,,12,63,26.770586,18.455048,,2,63,26.721413,13.37825,,9,65,26.804247,10.163227,,1,53,28.290916,9.387651,,14,55,27.491333,10.514218,
05/09/24,1,63,26.939417,32.41799,,13,63,26.331419,23.313995,,10,63,26.662748,24.535526,,5,63,26.729166,22.415602,,4,63,26.921667,21.461555,,4,63,26.637247,19.083395,,8,63,26.629745,12.496719,,7,65,26.343834,6.9153743,,1,63,27.799253,4.5536795,,8,63,27.564247,11.570515,
06/09/24,0,63,27.041502,27.059933,,14,55,26.573082,21.67487,,13,61,26.904417,23.34455,,10,61,27.108335,19.486609,,14,63,26.546667,16.563911,,15,65,25.924751,17.388409,,0,61,26.842247,9.449572,,6,65,26.189665,11.384198,,0,63,26.805502,13.493999,,9,63,26.512167,12.0694,
07/09/24,0,55,26.764418,24.1388,,16,61,26.381414,18.25026,,19,61,26.994001,18.899143,,7,53,27.44375,18.58451,,21,53,27.425833,16.923828,,18,51,27.531004,12.959999,,4,65,26.538084,15.30741,,3,63,26.952166,7.5685663,,11,63,27.284668,9.220499,,4,63,27.201746,6.989936,
08/09/24,0,53,26.978998,20.082708,,9,53,26.641838,14.830076,,9,55,26.866913,15.463246,,4,53,27.256248,16.981165,,10,51,27.892504,15.256526,,10,53,27.235163,12.015589,,0,51,27.008917,12.24,,2,51,27.056334,12.387348,,4,51,27.263832,9.422101,,7,63,27.818415,10.829958,
09/09/24,0,53,26.991499,21.746504,,20,53,26.710585,17.373497,,25,63,27.321081,16.595179,,11,53,27.752089,16.981165,,12,61,28.048754,15.192682,,13,61,27.787252,13.779114,,3,63,26.983917,12.783802,,6,61,27.018835,9.885262,,9,51,28.322165,8.39657,,1,61,28.63508,12.768586,
10/09/24,2,61,27.00817,23.933908,,12,61,26.606413,18.161278,,10,51,27.229416,19.33639,,2,65,27.047913,18.218275,,3,61,27.752916,17.238699,,6,63,27.547663,14.81259,,27,63,26.869331,11.753877,,26,63,27.023,15.077082,,10,65,27.742996,9.531505,,15,63,27.362165,12.641076,
11/09/24,1,63,26.679,26.405453,,11,61,26.289751,18.775303,,8,53,26.808584,18.671474,,3,61,27.1875,19.734436,,7,63,27.182085,15.192682,,12,61,26.960169,13.397612,,6,61,26.1485,18.448023,,10,63,26.020914,16.454008,,0,65,26.288834,22.065973,,-1,65,27.812164,21.479666,
12/09/24,0,63,27.108168,24.766848,,10,63,26.391836,19.8,,9,53,26.823166,22.26768,,0,51,27.220833,23.363974,,1,51,27.6925,21.67487,,4,3,27.87475,18.35647,,48,65,27.84017,24.387177,,49,65,27.675081,23.806318,,34,63,24.986748,28.79325,,26,65,24.791334,25.501621,
13/09/24,0,55,26.876915,25.9225,,10,53,26.179337,20.291357,,12,53,26.552336,22.59699,,0,51,26.722914,23.557316,,2,51,26.980003,23.770906,,8,51,26.908083,17.826363,,1,61,26.733917,19.586117,,5,51,27.285501,21.24,,5,65,25.734665,23.157824,,15,65,25.489252,25.6233,
14/09/24,1,55,25.874832,24.490587,,10,55,25.20225,17.84816,,8,61,25.235666,20.633371,,0,55,25.508331,20.371038,,5,63,25.623755,21.028437,,6,51,25.703918,17.072504,,2,51,26.192247,14.830076,,9,51,26.31883,15.876775,,0,51,26.522171,14.529915,,3,53,25.887167,19.826164,
15/09/24,1,61,26.029001,17.31746,,7,53,25.550165,14.336861,,5,55,26.089834,16.394829,,8,55,26.360418,16.299694,,11,53,26.682083,15.2947035,,5,53,26.801832,13.084402,,1,51,26.26725,11.298495,,1,1,26.373003,13.0447235,,0,1,27.280502,14.707222,,-1,51,26.628832,19.386593,
16/09/24,0,55,26.556082,18.861387,,9,51,25.923082,14.512064,,12,51,26.32525,13.1041975,,0,51,26.82292,12.303366,,0,51,26.832087,12.429127,,3,51,26.73517,12.738099,,11,3,26.50683,12.074766,,15,3,26.725084,10.948973,,12,51,27.822165,16.418526,,4,3,27.2705,17.339897,
17/09/24,0,53,26.951918,20.00512,,10,51,26.15225,15.683774,,5,51,26.3565,13.084402,,0,51,26.924997,11.91812,,18,51,27.390419,11.792404,,20,51,27.328918,10.538843,,0,3,26.313086,16.641972,,5,3,26.908415,17.31746,,2,51,27.845083,11.525623,,11,51,27.899668,10.587918,
18/09/24,0,51,27.714415,17.873556,,7,51,26.410583,11.542478,,3,51,26.969002,12.620554,,0,51,27.381254,11.090103,,1,51,27.744589,12.031756,,12,3,27.75392,11.043261,,0,51,26.156832,22.42427,,11,51,25.94383,23.83896,,38,65,24.197165,30.24214,,96,65,24.383001,17.727943,
19/09/24,2,51,27.93733,15.876775,,7,51,27.035585,12.429127,,12,53,27.421083,13.358861,,0,51,27.943748,13.493999,,0,51,28.294584,12.43434,,6,51,28.278915,14.007655,,0,3,26.411001,9.793058,,13,51,25.727167,9.178235,,45,51,25.926332,17.148247,,73,51,26.610085,15.379206,
20/09/24,0,61,27.299835,27.103,,8,53,26.81475,12.783802,,17,51,27.506502,14.759999,,10,51,28.049997,12.984975,,16,51,28.448751,13.891522,,9,51,28.483086,12.979984,,19,3,27.861,10.182337,,25,3,27.023,6.1094027,,36,3,27.128412,4.6102495,,38,3,27.345497,10.931203,
21/09/24,0,53,28.270666,20.945072,,16,51,27.0585,15.94601,,12,51,27.681503,13.797912,,3,51,28.074999,13.202726,,5,51,28.382082,12.313894,,12,3,28.305998,10.105681,,13,51,28.671415,5.815978,,18,51,28.439667,6.6087217,,1,3,28.397165,5.154415,,12,51,28.12259,8.209263,
22/09/24,1,51,28.4415,25.63847,,12,53,27.65225,18.391737,,5,61,27.610666,10.805999,,2,61,28.245834,12.181625,,8,51,28.9925,12.904882,,15,61,28.714333,12.181624,,3,51,29.206827,9.511088,,13,1,29.51258,7.24486,,10,2,29.267998,7.24486,,28,3,29.080917,7.289445,
23/09/24,4,63,27.835253,26.61323,,11,63,27.45017,18.335276,,5,65,27.519,14.689588,,7,65,28.397917,13.53236,,7,53,29.063334,13.138765,,14,63,28.828918,11.631956,,15,3,29.523497,11.885453,,23,3,29.706335,11.440978,,5,1,29.407578,11.119281,,14,0,29.060083,11.200571,
24/09/24,1,63,26.781082,32.90408,,9,65,26.371002,22.771244,,5,63,26.533587,14.480773,,0,63,27.558334,14.658676,,13,61,28.521666,13.441071,,14,61,28.485167,9.6932955,,0,51,29.886002,7.771331,,6,51,29.87925,8.287822,,4,3,29.799248,6.924738,,13,3,29.664253,6.439876,
25/09/24,0,63,26.945663,33.90361,,14,65,26.104338,20.523945,,10,65,26.516916,17.49337,,0,63,26.487497,9.927779,,7,65,27.24875,13.374618,,15,63,27.503916,10.685391,,9,51,30.029753,9.9587345,,13,51,29.829252,14.050382,,7,61,29.070084,13.954354,,9,51,28.68717,15.328561,
26/09/24,1,65,26.822746,38.48129,,9,65,25.958498,27.466959,,7,65,25.769,10.239453,,6,63,25.827082,13.441071,,14,65,26.450836,12.886039,,17,63,26.583084,9.224011,,24,63,28.463083,15.275627,,28,53,28.45217,15.580141,,28,53,28.218004,14.827893,,13,51,27.993416,12.303366,
27/09/24,0,63,27.185251,41.71109,,8,65,26.189749,27.77488,,7,63,26.304415,20.703129,,0,63,25.991669,13.752048,,12,63,26.138334,12.841963,,14,63,26.087252,12.421304,,20,51,28.03808,14.759999,,23,51,27.735502,16.084589,,23,53,26.80758,17.564533,,14,53,26.833002,15.68584,
28/09/24,0,61,26.941496,23.030151,,10,55,26.356417,18.58451,,6,61,26.435663,18.98552,,3,63,26.002089,17.477621,,5,61,25.8925,13.799087,,7,63,25.54975,12.819235,,5,53,26.15892,11.16145,,8,51,26.41883,16.434305,,0,51,26.23258,10.163227,,5,3,26.239256,11.837651,
29/09/24,1,51,27.595667,20.368652,,6,61,26.63975,15.385525,,3,65,25.833586,16.21699,,2,65,25.518747,12.601285,,9,65,25.713335,12.304682,,12,61,26.228918,10.348043,,10,55,26.102669,11.165805,,16,51,26.966743,13.036026,,3,51,26.899246,11.16145,,0,51,26.637161,10.304115,
30/09/24,0,51,27.829,21.966637,,11,51,27.312662,15.236338,,5,61,27.356497,9.734987,,0,51,27.608332,8.827344,,0,61,27.72375,9.743305,,11,51,27.828917,8.209263,,13,1,28.713081,10.837435,,16,0,28.41883,11.885453,,2,1,28.047163,12.241323,,1,3,27.820503,15.426535,
01/10/24,0,51,28.181082,21.170479,,12,51,27.97725,16.418526,,9,53,28.425247,14.84318,,0,53,28.441666,11.304229,,15,53,28.59875,7.6579366,,16,51,28.741417,9.257321,,3,0,30.075583,12.5807,,9,0,29.48758,13.647988,,0,0,28.85758,15.027575,,13,0,28.272583,14.813683,
02/10/24,0,53,28.214418,18.792551,,7,61,27.74392,15.655861,,9,53,28.329416,12.413476,,0,55,28.89583,8.431228,,2,53,29.050833,10.00256,,18,51,29.306002,11.212135,,4,0,30.200584,17.441433,,13,0,29.827171,16.74387,,2,0,29.66175,18.360882,,-11,0,28.872581,16.833609,
03/10/24,0,51,28.201914,21.2522,,9,51,27.539747,16.263872,,7,51,27.758581,15.577022,,5,51,28.106249,13.451914,,10,53,28.184168,12.440851,,11,51,28.487251,12.431733,,10,3,29.813086,14.743526,,14,0,28.850084,13.701299,,1,1,28.467997,15.266079,,10,0,28.489256,17.727943,
04/10/24,0,51,27.95608,17.76081,,7,53,26.968916,14.799459,,4,51,26.939829,11.177405,,0,51,27.435415,13.022349,,10,51,27.542498,12.172312,,8,51,27.845583,11.431062,,5,3,29.22558,14.277983,,8,2,28.112585,14.120539,,4,0,28.340912,12.016938,,-2,0,28.303831,13.864674,
05/10/24,1,51,27.383165,17.423777,,9,51,26.677252,13.141232,,9,51,26.866919,11.901798,,1,51,27.010416,11.016824,,10,51,27.657082,9.9408245,,8,51,27.387247,9.1958685,,5,1,28.460997,9.096681,,11,1,28.116753,11.113451,,7,0,28.053415,14.589996,,11,1,28.257998,18.331741,
06/10/24,0,65,27.56025,28.03034,,6,65,27.150167,19.023878,,5,63,27.073166,11.989946,,0,51,27.81458,12.931218,,14,53,27.61542,14.941085,,15,1,27.668497,9.621163,,9,1,28.300583,11.592895,,9,1,27.516748,11.843124,,10,1,28.26383,9.109138,,2,1,27.362167,14.813683,
07/10/24,0,2,28.910254,18.687086,,10,53,28.308496,12.472065,,5,53,29.019003,17.349236,,2,1,28.816668,11.745604,,12,1,28.786253,10.4166975,,9,1,28.474754,10.564942,,5,1,28.644331,7.538541,,18,51,28.129251,10.435344,,12,0,27.399252,9.726665,,8,0,26.687164,8.849339,
08/10/24,0,3,28.99359,20.757051,,6,3,28.410585,15.891054,,5,51,29.2565,13.298089,,2,2,29.499998,10.1376915,,22,2,28.957085,9.144637,,21,3,28.801828,9.3669195,,1,3,28.721415,10.209348,,4,1,28.256332,7.3821945,,1,0,27.13466,9.835975,,0,0,26.864248,9.807935,
09/10/24,3,61,27.266502,24.20314,,11,55,26.789751,18.374111,,10,61,27.521086,8.909545,,11,51,28.24375,12.570394,,13,53,28.702917,13.479583,,19,51,28.814333,11.298495,,9,3,28.973495,9.087772,,13,1,28.604246,10.874741,,10,0,26.83883,10.950452,,10,3,26.466331,13.861168,
10/10/24,0,63,27.847746,23.051247,,5,63,27.210587,14.572221,,17,65,27.025246,14.879153,,24,63,27.331251,15.552041,,32,61,27.496664,14.056144,,35,65,26.847666,20.380579,,2,3,28.40058,12.144331,,16,3,28.037584,8.827344,,5,1,26.430496,10.8792095,,6,0,25.726751,13.789691,
11/10/24,1,63,28.231081,25.31097,,6,63,27.46058,10.636766,,10,55,27.410666,11.659777,,6,65,27.187506,16.59225,,14,63,26.821665,14.233664,,20,63,26.799753,13.379461,,14,51,27.763079,13.590894,,20,51,27.80008,15.108211,,0,3,26.165916,10.163227,,-6,2,24.974669,13.737904,
12/10/24,0,53,28.324837,20.652988,,10,61,27.68142,12.081473,,14,63,27.529419,9.904906,,8,65,27.48333,10.609316,,16,51,27.592505,13.363711,,10,65,26.728912,12.221456,,10,53,27.058914,12.483749,,13,51,27.98967,14.892213,,16,3,26.76175,8.187527,,15,0,25.430916,10.062305,
13/10/24,7,61,27.643583,26.533978,,16,61,27.145998,15.338071,,24,63,27.127335,15.073858,,20,61,27.793749,11.712454,,28,63,28.017502,9.83268,,22,63,27.787249,13.37825,,45,51,25.467249,9.059205,,50,3,25.893835,9.044888,,30,3,27.043,13.356437,,15,3,25.949667,9.266067,
14/10/24,0,61,27.587334,24.037247,,6,63,27.014753,14.64209,,10,65,27.337746,16.575644,,8,55,27.741667,15.683774,,14,51,28.255,10.120098,,9,53,27.9185,13.441071,,9,3,26.596415,7.4867883,,7,3,26.583414,10.495713,,8,3,25.87425,9.167638,,-3,2,25.282999,10.24578,
15/10/24,0,65,27.554,21.026125,,6,51,27.027246,12.601285,,13,63,27.404419,8.4963045,,8,51,28.23958,8.297589,,13,63,28.475836,7.922045,,16,61,28.22892,6.8541956,,0,3,26.671417,8.891343,,0,1,26.216751,8.777653,,0,0,25.157585,9.54679,,10,0,24.930918,12.37819,
16/10/24,0,53,28.122751,19.67195,,8,55,27.539747,12.932471,,11,63,27.793999,11.028581,,5,51,28.424997,10.609316,,10,61,28.852919,6.8423676,,9,63,28.351831,8.936778,,18,3,26.606833,9.473541,,20,3,26.731333,10.564942,,14,3,26.76175,8.766573,,4,3,25.980919,9.12513,
17/10/24,0,61,28.304003,20.606659,,5,53,27.28975,11.27553,,12,63,28.635666,8.528657,,7,51,29.50833,8.825508,,15,51,29.752916,7.538541,,7,3,29.253916,10.644379,,1,1,27.008917,9.224011,,7,1,27.297997,10.196647,,11,2,26.6055,8.274128,,0,3,25.86425,9.659814,
18/10/24,1,65,27.847748,22.66142,,8,63,27.579332,12.32047,,35,61,28.587751,14.970331,,28,63,28.80625,10.658068,,31,65,29.20917,20.875343,,25,63,28.803919,11.966953,,8,3,27.081833,9.19939,,10,0,27.506334,12.9249525,,2,0,27.188833,7.7420926,,2,0,26.068419,9.587428,
19/10/24,1,61,27.10192,21.606747,,5,63,26.575167,13.31635,,7,65,26.758581,11.521406,,6,65,26.9125,15.602999,,12,65,26.982084,14.455019,,10,65,27.31642,18.030573,,23,1,27.86933,9.9571085,,30,1,27.795912,9.181765,,34,0,26.976334,9.044888,,44,0,26.668417,8.626865,
20/10/24,0,63,27.074835,15.3264475,,10,63,26.696001,9.919618,,7,65,26.70858,12.072083,,4,63,26.877083,9.867218,,11,51,27.665419,9.648067,,10,51,27.587252,7.388775,,0,1,28.15267,10.234705,,7,1,27.895918,13.529966,,6,2,26.918,14.941085,,23,0,25.918419,9.979859,
21/10/24,0,61,27.776918,17.441433,,9,63,26.96475,8.6867485,,18,63,26.335665,10.694485,,11,65,26.329165,10.435344,,14,63,26.907087,15.717823,,6,65,26.510164,20.224983,,2,2,27.444334,12.10157,,9,1,26.895918,13.229694,,0,1,26.259665,7.388775,,2,0,25.403833,8.856658,
22/10/24,0,51,27.508165,19.514856,,5,51,26.86267,12.410866,,6,61,26.7565,13.943901,,5,55,27.464582,7.5942073,,6,51,27.550833,7.353611,,3,0,27.483088,6.8423676,,9,3,27.179749,11.341428,,28,3,27.04175,10.120099,,12,0,25.663834,9.867218,,-4,0,25.220497,8.936777,
23/10/24,0,51,28.22483,21.815674,,8,1,27.593912,15.192682,,7,51,27.735666,13.115319,,7,51,28.116669,10.564942,,6,2,27.959167,9.885262,,7,51,27.672668,9.781473,,14,2,27.171417,11.901798,,20,1,26.4355,13.169555,,6,0,25.7805,14.182355,,4,0,25.991339,17.283749,
24/10/24,1,3,28.822748,24.89277,,6,3,28.077253,15.410774,,9,3,27.60025,11.555102,,1,53,27.32917,9.568824,,5,2,27.654997,12.358542,,1,3,26.737253,11.500296,,10,2,26.227669,15.299999,,11,0,25.437586,14.471821,,6,0,25.253416,12.081473,,0,0,25.355913,14.25641,
25/10/24,1,3,28.0165,19.706507,,6,3,27.106417,14.857362,,3,3,26.864836,10.706595,,4,3,26.491667,10.874741,,5,3,26.773748,12.616702,,14,3,25.835167,12.383424,,7,0,25.758917,10.163227,,9,0,25.389666,9.313152,,0,0,24.76383,10.075177,,-14,0,24.84342,17.769016,
26/10/24,0,3,28.085249,27.67672,,7,3,27.25017,19.935354,,17,3,26.669,13.888023,,10,3,26.74375,11.090103,,11,3,27.246668,10.691453,,9,3,26.539331,8.748075,,0,0,27.321417,10.99769,,4,0,26.675085,9.901636,,7,0,24.68675,12.708816,,-1,0,24.399666,12.295462,
27/10/24,0,3,28.33525,22.473343,,10,3,27.150167,17.072504,,10,3,26.729416,11.556504,,6,3,27.052084,10.711135,,14,3,27.469584,9.016185,,10,3,27.166414,9.5416975,,7,0,26.958914,12.061341,,5,0,26.489668,9.187056,,0,0,25.272163,7.9220443,,-1,0,25.16633,8.085988,
28/10/24,1,3,28.364418,20.073025,,0,3,27.32517,13.878688,,11,3,27.214834,11.734564,,8,3,27.11458,9.565437,,10,3,27.486254,9.05205,,13,2,27.46225,9.580668,,1,2,27.342253,9.144637,,9,2,26.881332,11.090103,,1,0,25.55133,8.792405,,-10,0,25.368418,10.6261,
29/10/24,1,3,28.208168,19.983242,,8,53,27.764753,13.184308,,10,3,27.97525,9.761578,,8,3,28.08333,11.003581,,18,3,28.45917,6.8541956,,15,3,27.912247,9.236298,,3,0,28.050581,9.796366,,8,0,28.031334,11.866355,,5,0,26.324244,8.211235,,1,0,26.195498,7.7420926,
30/10/24,0,1,28.633171,20.787468,,6,53,27.8835,15.060956,,5,3,28.48775,13.864674,,12,3,28.420832,9.957108,,23,1,28.238333,10.152064,,21,0,27.533083,9.931042,,0,0,28.665163,10.636766,,0,0,27.902168,12.886039,,8,0,26.413828,9.511088,,7,0,26.649664,11.190442,
31/10/24,0,1,29.38108,23.683512,,5,1,28.535585,15.539537,,4,0,28.887747,15.655861,,9,0,28.077085,14.588885,,7,0,28.088333,10.7714615,,3,0,27.026833,11.778658,,0,0,27.71517,12.181625,,2,0,26.99175,11.431062,,0,0,26.301336,14.584443,,-6,0,25.966333,18.123774,
01/11/24,1,1,29.029,22.811758,,0,51,28.100166,13.934604,,5,0,28.36483,12.673074,,4,0,27.968752,10.435344,,5,0,27.555002,10.172787,,9,0,26.576836,11.45513,,1,0,26.79225,9.67657,,1,0,26.862581,9.9408245,,9,0,24.90342,13.527572,,3,0,24.51008,17.595861,
02/11/24,1,3,29.08525,28.48326,,8,2,28.085588,16.965895,,9,0,27.927338,17.571909,,8,0,27.6875,11.843124,,15,0,27.148748,9.499157,,11,0,26.251831,8.827344,,1,0,26.31517,9.3669195,,0,0,26.26258,9.422101,,5,0,24.990915,10.00256,,21,0,24.022583,8.909545,
03/11/24,0,0,29.166498,22.037323,,9,0,28.423082,17.555307,,7,1,28.548162,19.125793,,8,1,28.164587,12.3165245,,11,2,27.78208,9.167638,,13,1,26.756002,10.316686,,0,0,26.258917,8.350138,,1,0,26.087584,9.266067,,9,0,24.382584,8.723967,,13,0,23.485083,10.3621235,